total_energy_wh,mean_power_w,max_power_w,mean_efficiency_pct,capacity_factor,energy_yield_wh_wp,performance_ratio,scenario
2566.949261507291,106.95621922947046,336.212226478444,22.285533897171334,0.2673905480736762,6.417373153768227,2.128666045909361,normal_clear_sky
850.303875459537,35.42932814414738,147.79960194229335,23.956815247307034,0.08857332036036844,2.125759688648843,2.3142814221413284,low_irradiance
2380.932557568717,99.20552323202989,309.1788017503534,21.59358887777581,0.24801380808007473,5.952331393921793,2.09748500714606,high_temperature
1631.7581483874174,67.98992284947573,251.04299574842508,24.47776313087068,0.16997480712368934,4.079395370968544,2.471689162928003,cloud_variation
2263.8445459940035,94.32685608308348,297.27698685230445,21.622720998069926,0.23581714020770872,5.659611364985008,2.0969796600104633,dust_accumulation
1300.115387007409,54.171474458642045,172.10692589725863,19.484892028493263,0.1354286861466051,3.2502884675185224,1.9943500198588306,partial_shading
2254.042105550969,95.57775712583614,310.2866935637944,22.475499895435664,0.23894439281459035,5.635105263877423,2.1550905764444326,sensor_failure
2325.845876386735,96.91024484944731,310.2866935637944,22.374490595560147,0.24227561212361828,5.814614690966838,2.1299663994134654,communication_failure
1367.7863849523578,56.991099373014904,203.1689343968986,22.312482547887893,0.14247774843253727,3.4194659623808947,2.3332825766183136,mixed_conditions
