timestamp,true_irradiance,true_ambient_temp,true_panel_temp,true_voltage,true_current,true_power,true_efficiency,true_energy,measured_irradiance,measured_temperature,measured_voltage,measured_current,measured_power,measured_energy,ghi,cloud_factor,dust_factor,shading_factor,solar_zenith
2024-06-15 00:00:00+00:00,0.0,23.376513849478922,22.94955664592981,28.17223724174189,0.0,0.0,0.0,0.0,21.689440993414195,22.72062404276403,28.221083143076243,0.023138753846085477,0.0,0.0,0.0,1.0,0.95,0.0,149.04236477353575
2024-06-15 00:05:00+00:00,0.0,21.94620184809944,21.47207391511593,28.29634579113026,0.0,0.0,0.0,0.0,1.5345770946042265,21.16064457403989,28.431981455146033,0.021556630882477563,0.3122704480312759,0.026022537335939656,0.0,1.0,0.9499305555555555,0.0,149.1768685846622
2024-06-15 00:10:00+00:00,0.0,23.654364530380683,23.217358874932405,28.149741854505674,0.0,0.0,0.0,0.0,4.901291666461313,23.285003888147177,28.03263597823526,0.041980451137931446,0.0,0.026022537335939656,0.0,1.0,0.949861111111111,0.0,149.26335596057493
2024-06-15 00:15:00+00:00,0.0,23.76558278412971,23.227442156104093,28.148894858887257,0.0,0.0,0.0,0.0,17.046935919636958,23.64939345300744,27.967160234262188,0.006037907505324002,0.0,0.026022537335939656,0.0,1.0,0.9497916666666666,0.0,149.30142008853844
2024-06-15 00:20:00+00:00,0.0,20.798502515052963,19.930629521804676,28.4258271201684,0.0,0.0,0.0,0.0,12.363659036519534,19.856380177727665,28.027459477944127,0.05725192189535741,0.0,0.026022537335939656,0.0,1.0,0.9497222222222221,0.0,149.29088054528165
2024-06-15 00:25:00+00:00,0.0,21.375328660182106,21.375328660182106,28.3044723925447,0.0,0.0,0.0,0.0,8.684347656672573,21.506570551110237,28.49879698894194,0.0,0.0,0.026022537335939656,0.0,1.0,0.9496527777777777,0.0,149.2317874943386
2024-06-15 00:30:00+00:00,0.0,22.73680414307699,22.296016709204412,28.227134596426826,0.0,0.0,0.0,0.0,0.0,22.56185072822975,28.230466056542035,0.0,0.0,0.026022537335939656,0.0,1.0,0.9495833333333333,0.0,149.1244204939769
2024-06-15 00:35:00+00:00,0.0,22.22769445339403,21.683566348050917,28.278580426763725,0.0,0.0,0.0,0.0,0.0,22.02846999798579,28.31972669575309,0.030975776279011283,0.0,0.026022537335939656,0.0,1.0,0.9495138888888889,0.0,148.96928202538382
2024-06-15 00:40:00+00:00,0.0,22.465657876208443,21.891659378786667,28.26110061218192,0.0,0.0,0.0,0.0,5.642533442899021,21.445710045271127,28.1043816368808,0.0,0.0,0.026022537335939656,0.0,1.0,0.9494444444444444,0.0,148.76708584087248
2024-06-15 00:45:00+00:00,0.0,21.571515036465573,21.164493681795896,28.322182530729144,0.0,0.0,0.0,0.0,0.0,21.398903893957918,28.567482136586335,0.002169944183548256,2.071069088726796,0.19861162806317265,0.0,1.0,0.949375,0.0,148.51874119806683
2024-06-15 00:50:00+00:00,0.0,23.249662368877015,23.18884281449666,28.15213720358228,0.0,0.0,0.0,0.0,12.40852298248612,23.179949000271588,28.340777319117883,0.07674962585112367,0.0,0.19861162806317265,0.0,1.0,0.9493055555555555,0.0,148.22533316426106
2024-06-15 00:55:00+00:00,0.0,23.097393100341517,22.51539422941299,28.20870688472931,0.0,0.0,0.0,0.0,3.1688167207616287,22.21467938026965,28.18434210843177,0.005285219580127506,3.549542890048094,0.4944068689005138,0.0,1.0,0.9492361111111111,0.0,147.88810049185767
2024-06-15 01:00:00+00:00,0.0,22.33862408724867,21.406786533707624,28.30182993116856,0.0,0.0,0.0,0.0,0.0,21.06796902151963,28.190657239588102,0.0,0.0,0.4944068689005138,0.0,1.0,0.9491666666666666,0.0,147.50841192943997
2024-06-15 01:05:00+00:00,0.0,23.356504648461943,23.239969999690977,28.147842520025954,0.0,0.0,0.0,0.0,4.015878942617402,23.126362333432883,28.076504243214238,0.05646883489218986,0.0,0.4944068689005138,0.0,1.0,0.9490972222222221,0.0,147.08774133010277
2024-06-15 01:10:00+00:00,0.0,22.657141285292578,21.941184281868033,28.256940520323077,0.0,0.0,0.0,0.0,10.637707122066935,21.444406579700388,28.097215411838146,0.0,0.0,0.4944068689005138,0.0,1.0,0.9490277777777777,0.0,146.62764367065682
2024-06-15 01:15:00+00:00,0.0,21.294425293890917,20.87655659967164,28.34636924562758,0.0,0.0,0.0,0.0,2.6628017442204737,20.147105156232428,28.35168207547569,0.0,0.0,0.4944068689005138,0.0,1.0,0.9489583333333332,0.0,146.1297311449133
2024-06-15 01:20:00+00:00,0.0,22.490288759984836,22.00561984644205,28.251527932898867,0.0,0.0,0.0,0.0,0.0,22.037498538150714,28.128294388958757,0.053292675646530466,0.7284498541160793,0.555111023410187,0.0,1.0,0.9488888888888889,0.0,145.59565173557064
2024-06-15 01:25:00+00:00,0.0,21.134225315428914,20.897449943104903,28.344614204779187,0.0,0.0,0.0,0.0,3.934934995096549,21.284708855310686,28.461722708887596,0.0,3.718387614826005,0.8649766579790208,0.0,1.0,0.9488194444444444,0.0,145.02706873797908
2024-06-15 01:30:00+00:00,0.0,22.946891410316788,22.530505453405755,28.20743754191391,0.0,0.0,0.0,0.0,5.355025570819635,22.409939599166005,28.13554382698216,0.012889254621555275,0.24393656932998967,0.8853047054231866,0.0,1.0,0.94875,0.0,144.42564365085008
2024-06-15 01:35:00+00:00,0.0,21.99762338323519,21.17261223456045,28.32150057229692,0.0,0.0,0.0,0.0,12.364310639646638,21.542635682962057,28.250709159509046,0.0,1.3915464752751947,1.0012669116961195,0.0,1.0,0.9486805555555555,0.0,143.79302037568164
2024-06-15 01:40:00+00:00,0.0,21.845580051720777,21.19991624122385,28.319207035737197,0.0,0.0,0.0,0.0,10.83051633988806,20.999933439525854,28.626657636577594,0.07836809287090385,1.804460549981438,1.1516386241945726,0.0,1.0,0.9486111111111111,0.0,143.13081257096843
2024-06-15 01:45:00+00:00,0.0,21.33619906968723,20.403121168334742,28.38613782185988,0.0,0.0,0.0,0.0,0.0,19.90544130328229,28.240993917349467,0.0,0.8448000614566322,1.2220386293159586,0.0,1.0,0.9485416666666666,0.0,142.4405934284257
2024-06-15 01:50:00+00:00,0.0,23.230155566019167,22.435802593774746,28.215392582122917,0.0,0.0,0.0,0.0,0.0,21.674687266293727,27.901809404533825,0.0,3.805359361169212,1.539151909413393,0.0,1.0,0.9484722222222222,0.0,141.72388673259113
2024-06-15 01:55:00+00:00,0.0,21.847374301291925,21.237602631559533,28.316041378949,0.0,0.0,0.0,0.0,9.085696919299993,20.827476901079102,28.38928441743049,0.0,0.0,1.539151909413393,0.0,1.0,0.9484027777777777,0.0,140.98216129633545
2024-06-15 02:00:00+00:00,0.0,21.57167217783689,20.635688546294944,28.366602162111224,0.0,0.0,0.0,0.0,0.0,21.362329740149704,27.95102845982935,0.018688595740336537,0.0,1.539151909413393,0.0,1.0,0.9483333333333333,0.0,140.21682567261252
2024-06-15 02:05:00+00:00,0.0,21.6497702328725,21.040021943187924,28.332638156772216,0.0,0.0,0.0,0.0,11.658432164735501,20.92582658150375,28.38551388393736,0.027597041277654256,0.0,1.539151909413393,0.0,1.0,0.9482638888888888,0.0,139.42922598073622
2024-06-15 02:10:00+00:00,0.0,22.539923412898485,21.83292636869922,28.266034185029262,0.0,0.0,0.0,0.0,0.0,20.92473355184207,28.462378213407792,0.02117165532166536,0.0,1.539151909413393,0.0,1.0,0.9481944444444445,0.0,138.62064343883748
2024-06-15 02:15:00+00:00,0.0,22.382572678455247,21.956715416838925,28.255635904985528,0.0,0.0,0.0,0.0,0.0,21.956079017091927,28.26965891113635,0.07095692570251326,0.0,1.539151909413393,0.0,1.0,0.948125,0.0,137.7922946628496
2024-06-15 02:20:00+00:00,0.0,22.443175026862026,21.926538572897226,28.25817075987663,0.0,0.0,0.0,0.0,21.65009901373735,21.733073013962912,28.260025774735873,0.03359870121511228,1.2105016562286932,1.6400270474324508,0.0,1.0,0.9480555555555555,0.0,136.94533126909653
2024-06-15 02:25:00+00:00,0.0,22.478370297229326,22.152726253054396,28.239170994743425,0.0,0.0,0.0,0.0,0.0,21.915325182046356,27.829049124293515,0.0,0.0,1.6400270474324508,0.0,1.0,0.9479861111111111,0.0,136.08084126043667
2024-06-15 02:30:00+00:00,0.0,24.210088709879976,23.462692726231264,28.129133810996567,0.0,0.0,0.0,0.0,0.0,23.14240455042196,28.240194548108324,0.0,1.2593494965621475,1.7449728388126298,0.0,1.0,0.9479166666666666,0.0,135.19985101686225
2024-06-15 02:35:00+00:00,0.0,21.686692899873297,21.481268805652014,28.29557342032523,0.0,0.0,0.0,0.0,4.2211965476580495,21.058653029866164,28.37483193377455,0.0,0.6810415762826983,1.8017263035028546,0.0,1.0,0.9478472222222222,0.0,134.30332652649076
2024-06-15 02:40:00+00:00,0.0,21.609295246830797,20.913707661226383,28.34324855645698,0.0,0.0,0.0,0.0,0.0,20.728260708071005,28.10884900478208,0.0,0.0,1.8017263035028546,0.0,1.0,0.9477777777777777,0.0,133.3921766841707
2024-06-15 02:45:00+00:00,0.0,21.33994502852628,20.88760779290257,28.34544094539618,0.0,0.0,0.0,0.0,0.0,19.980260213727693,28.728075094845423,0.0,4.165961928126412,2.148889797513389,0.0,1.0,0.9477083333333333,0.0,132.4672548874853
2024-06-15 02:50:00+00:00,0.0,22.805611365616027,22.0127995922492,28.25092483425107,0.0,0.0,0.0,0.0,3.7478631805462865,21.43970475845077,28.006121594103025,0.052435120410140104,0.0,2.148889797513389,0.0,1.0,0.9476388888888888,0.0,131.52936269642532
2024-06-15 02:55:00+00:00,0.0,23.3582357342148,22.670518487031988,28.195676447089312,0.0,0.0,0.0,0.0,32.05244750895103,22.505818230145483,27.85981837474588,0.0,0.0,2.148889797513389,0.0,1.0,0.9475694444444444,0.0,130.57925158412803
2024-06-15 03:00:00+00:00,0.0,22.15864593203258,21.20348439262088,28.318907311019846,0.0,0.0,0.0,0.0,13.794461036051441,21.585609266489328,27.956695757037714,0.05545493179888198,0.0,2.148889797513389,0.0,1.0,0.9475,0.0,129.617626694071
2024-06-15 03:05:00+00:00,0.0,21.479444687950043,20.79675101516538,28.353072914726106,0.0,0.0,0.0,0.0,6.568586004288422,21.025429429987224,28.358267096190318,0.05743487449371642,0.9180031227675375,2.225390057744017,0.0,1.0,0.9474305555555556,0.0,128.645148672365
2024-06-15 03:10:00+00:00,0.0,21.545783178322946,21.438793242236255,28.299141367652147,0.0,0.0,0.0,0.0,3.8592630922570015,22.364817494723592,28.366715617681567,0.0015588330953442183,0.0,2.225390057744017,0.0,1.0,0.9473611111111111,0.0,127.66243670179936
2024-06-15 03:15:00+00:00,0.0,23.075151751863856,22.591890045088405,28.20228123621257,0.0,0.0,0.0,0.0,11.966836046685438,23.19665019815169,28.2904760183995,0.0,1.5774660376765284,2.3568455608837278,0.0,1.0,0.9472916666666666,0.0,126.67007147806191
2024-06-15 03:20:00+00:00,0.0,23.225713204916175,23.01871500306488,28.166427939742547,0.0,0.0,0.0,0.0,9.361321976747485,22.088295923019867,28.09895594409945,0.06440355018284914,0.2448488103985231,2.377249628416938,0.0,1.0,0.9472222222222222,0.0,125.6685967579196
2024-06-15 03:25:00+00:00,0.0,23.087091314042805,22.716661274634372,28.19180045293071,0.0,0.0,0.0,0.0,0.0,22.97973594960021,28.02926544852354,0.0,0.0,2.377249628416938,0.0,1.0,0.9471527777777777,0.0,124.65852278688426
2024-06-15 03:30:00+00:00,0.0,21.94345403262101,21.065646924301827,28.330485658358647,0.0,0.0,0.0,0.0,7.605869635524162,21.55521678707669,28.499038574760256,0.023946340397161384,0.0,2.377249628416938,0.0,1.0,0.9470833333333333,0.0,123.64032747084084
2024-06-15 03:35:00+00:00,0.0,22.909669490111142,22.25028603738672,28.23097597285951,0.0,0.0,0.0,0.0,0.7835688223460042,22.363375294543278,28.051458895547157,0.013627866024352961,0.17294984875254243,2.3916621158129834,0.0,1.0,0.9470138888888888,0.0,122.61445958490191
2024-06-15 03:40:00+00:00,0.0,22.86622351284753,22.540956119992217,28.20655968592065,0.0,0.0,0.0,0.0,25.7378502306487,21.61345436215843,27.96459164472468,0.06487484747939472,0.0,2.3916621158129834,0.0,1.0,0.9469444444444444,0.0,121.58133968555228
2024-06-15 03:45:00+00:00,0.0,23.043706664467507,22.797136006077608,28.185040575489474,0.0,0.0,0.0,0.0,0.0,22.614803958461955,28.465303708988117,0.01794274858798586,0.0,2.3916621158129834,0.0,1.0,0.9468749999999999,0.0,120.5413630957672
2024-06-15 03:50:00+00:00,0.0,23.775342112522416,23.26714658930335,28.145559686498515,0.0,0.0,0.0,0.0,18.776426966279455,22.857766243945733,28.181073988127086,0.00105753710163274,0.5865450681729948,2.440540871494066,0.0,1.0,0.9468055555555555,0.0,119.49490070541894
2024-06-15 03:55:00+00:00,0.0,23.20978150311462,23.0139215404599,28.166830590601364,0.0,0.0,0.0,0.0,0.0,23.198493689690142,28.26108856967956,0.05275849191849396,0.0,2.440540871494066,0.0,1.0,0.9467361111111111,0.0,118.44230103810699
2024-06-15 04:00:00+00:00,0.0,23.750710332796388,23.41849540214553,28.132846386219768,0.0,0.0,0.0,0.0,4.693690123893436,23.994599193366103,28.258014527148667,0.0,0.0,2.440540871494066,0.0,1.0,0.9466666666666667,0.0,117.38389222546752
2024-06-15 04:05:00+00:00,0.0,23.22828410410532,22.650281736217508,28.197376334157724,0.0,0.0,0.0,0.0,0.0,22.9724823395122,28.08301691235786,0.028120105857863217,0.0,2.440540871494066,0.0,1.0,0.9465972222222222,0.0,116.31998246095681
2024-06-15 04:10:00+00:00,0.0,23.541987832186898,22.753159823160225,28.188734574854536,0.0,0.0,0.0,0.0,0.0,22.235163541601057,28.08216205765423,0.006636862377555628,0.0,2.440540871494066,0.0,1.0,0.9465277777777777,0.0,115.25086248161169
2024-06-15 04:15:00+00:00,0.0,23.97953132741818,23.32734095936207,28.140503359413586,0.0,0.0,0.0,0.0,11.77984087182975,23.72166593292951,28.268619696026715,0.0017430840356299172,0.0,2.440540871494066,0.0,1.0,0.9464583333333333,0.0,114.17680568123122
2024-06-15 04:20:00+00:00,0.0,21.989627825832397,21.989627825832397,28.252871262630077,0.0,0.0,0.0,0.0,0.0,21.992995992171668,28.129441017854536,0.0,0.0,2.440540871494066,0.0,1.0,0.9463888888888888,0.0,113.09807042539127
2024-06-15 04:25:00+00:00,0.0,23.22877194950284,22.652680267245273,28.197174857551396,0.0,0.0,0.0,0.0,0.0,23.147751121904903,28.264378995840328,0.0,0.0,2.440540871494066,0.0,1.0,0.9463194444444444,0.0,112.01489998653238
2024-06-15 04:30:00+00:00,0.0,23.182800623377325,22.66479223006918,28.196157452674186,0.0,0.0,0.0,0.0,0.0,22.514066700109264,28.178265542088567,0.0,0.0,2.440540871494066,0.0,1.0,0.9462499999999999,0.0,110.92752471309348
2024-06-15 04:35:00+00:00,0.0,23.122046287013603,22.51857371567043,28.20843980788368,0.0,0.0,0.0,0.0,5.938813013124692,22.61525337540742,27.96958550471541,0.02650000507396044,1.9627106897091435,2.604100095636495,0.0,1.0,0.9461805555555555,0.0,109.83616195537911
2024-06-15 04:40:00+00:00,0.0,23.596502203821494,22.69244978340869,28.193834218193665,0.0,0.0,0.0,0.0,4.1642800629688725,22.656309401760037,28.387112371980226,0.11848758259010045,0.8306637345463483,2.6733220735153576,0.0,1.0,0.946111111111111,0.0,108.74101737693952
2024-06-15 04:45:00+00:00,0.0,25.480222851402576,25.480222851402576,27.95966128048218,0.0,0.0,0.0,0.0,0.0,25.36262344057173,27.70178889052172,0.0,1.0052902369315535,2.7570962599263202,0.0,1.0,0.9460416666666667,0.0,107.64228621100014
2024-06-15 04:50:00+00:00,0.0,23.235950189825765,22.88372604612354,28.17776701212562,0.0,0.0,0.0,0.0,10.51931500307444,23.630163789656034,28.224359701031574,0.045820737840562946,2.558069909569307,2.970268752390429,0.0,1.0,0.9459722222222222,0.0,106.54015299253874
2024-06-15 04:55:00+00:00,0.0,25.189366658113435,24.541640077415096,28.03850223349713,0.0,0.0,0.0,0.0,0.0,24.979064048728866,28.051899169316098,0.0504351126689615,0.0,2.970268752390429,0.0,1.0,0.9459027777777778,0.0,105.43479344450708
2024-06-15 05:00:00+00:00,0.0,22.660275978891814,22.5556745787553,28.20532333538456,0.0,0.0,0.0,0.0,30.117063838780844,22.756845319596675,28.458645578843345,0.0,0.7975851810847853,3.0367341841474946,0.0,1.0,0.9458333333333333,0.0,104.32637395550857
2024-06-15 05:05:00+00:00,0.0,24.13301052375607,23.264023261742693,28.145822046013606,0.0,0.0,0.0,0.0,13.26363393469684,22.560133943932,27.92189700131291,0.03540597985343426,0.0,3.0367341841474946,0.0,1.0,0.9457638888888888,0.0,103.21505338155323
2024-06-15 05:10:00+00:00,0.0,24.75803140417972,24.16594225100456,28.070060850915613,0.0,0.0,0.0,0.0,14.349772528271439,23.80600282390003,27.9614215106029,0.0,0.0,3.0367341841474946,0.0,1.0,0.9456944444444444,0.0,102.1009824321406
2024-06-15 05:15:00+00:00,0.0,25.311455810558726,24.599809814097874,28.033615975615778,0.0,0.0,0.0,0.0,0.0,24.59461575112986,28.01355466665441,0.0,2.54343285502941,3.248686922066612,0.0,1.0,0.9456249999999999,0.0,100.98430540045194
2024-06-15 05:20:00+00:00,0.0,25.56892570230054,25.21166161768099,27.982220424114793,0.0,0.0,0.0,0.0,26.305691924501758,25.48878775356971,28.01838983681141,0.0410226786921287,0.0,3.248686922066612,0.0,1.0,0.9455555555555555,0.0,99.86515962181471
2024-06-15 05:25:00+00:00,0.0,25.78595945772745,25.0825185352359,27.993068443040183,0.0,0.0,0.0,0.0,1.0062466386759903,24.209777763124336,28.166759871787736,0.0,4.873408541401787,3.654804300516761,0.0,1.0,0.945486111111111,0.0,98.74367639254277
2024-06-15 05:30:00+00:00,0.0,24.7811834956818,24.01406560668454,28.082818489038495,0.0,0.0,0.0,0.0,0.0,24.41038187777351,28.145038204976785,0.0,4.678838831793326,4.044707536499538,0.0,1.0,0.9454166666666666,0.0,97.6199818658498
2024-06-15 05:35:00+00:00,0.0,24.807171020426775,24.248951515392484,28.063088072707032,0.0,0.0,0.0,0.0,4.983503640453841,23.666577567409476,28.068060189149023,0.03790016597747364,0.0,4.044707536499538,0.0,1.0,0.9453472222222222,0.0,96.49419641517876
2024-06-15 05:40:00+00:00,0.0,26.269364390448786,25.71076416727411,27.940295809948974,0.0,0.0,0.0,0.0,19.480428937417308,25.08040326177755,28.145963367919634,0.06449170724339992,1.7614731428448416,4.191496965069941,0.0,1.0,0.9452777777777778,0.0,95.36643623261246
2024-06-15 05:45:00+00:00,0.0,25.36413381096157,24.796548001141137,28.01708996790414,0.0,0.0,0.0,0.0,0.0,25.295701073406796,28.436302676446402,0.003326525341985365,0.0,4.191496965069941,0.0,1.0,0.9452083333333333,0.0,94.23681249220041
2024-06-15 05:50:00+00:00,0.0,24.425916809887486,24.14175312607233,28.07209273740993,0.0,0.0,0.0,0.0,16.037268283261923,23.8131423178749,27.80098772908876,0.033363460039860564,1.0677099854451195,4.2804727971903676,0.0,1.0,0.9451388888888889,0.0,93.10543291121301
2024-06-15 05:55:00+00:00,0.0,24.71652672071235,24.253408890772437,28.06271365317511,0.0,0.0,0.0,0.0,0.0,24.394283970557243,28.061564335845254,0.0,0.31197692600654714,4.30647087435758,0.0,1.0,0.9450694444444444,0.0,91.97240087180067
2024-06-15 06:00:00+00:00,0.0,25.08054771399839,24.618678347111477,28.032031018842634,0.0,0.0,0.0,0.0,0.0,25.087039039385846,28.18395899803978,0.0,0.0,4.30647087435758,0.0,1.0,0.945,0.0,90.83781695238508
2024-06-15 06:05:00+00:00,0.34394693777009483,26.649250592698664,26.064150468415605,28.422426378416162,0.004374625225159236,0.1243374633952506,7.3139684350147425,0.01036145528293755,0.0,26.33430740865108,28.43957490959944,0.02672081133065198,0.2808499843235035,4.329875039717872,0.34394693777009483,1.0,0.9449305555555555,0.0,89.70177816786382
2024-06-15 06:10:00+00:00,2.375619908832571,26.448436830190293,25.77271889061374,30.043301504373215,0.028612272415097628,0.8596071268920388,21.285023299937382,0.08199538252394079,0.0,25.190028442678663,30.330229057783413,0.0,3.4393587341351157,4.616488267562465,2.375619908832571,1.0,0.944861111111111,0.0,88.56437871544861
2024-06-15 06:15:00+00:00,7.343331345802849,27.15217583231576,27.1462889573667,31.480810430492504,0.08399235506772562,2.6441474074976865,21.180861310702102,0.3023409998154146,10.633326408007036,26.81328641831866,31.413975947570144,0.11621955266159413,3.088046440377031,4.873825470927217,7.343331345802849,1.0,0.9447916666666666,0.0,87.4257107130158
2024-06-15 06:20:00+00:00,15.554705041506583,26.19180125973787,26.209138049864844,32.75572924678268,0.17154103893327263,5.618951826010084,21.249298981794087,0.770586985316255,19.56251714328129,25.861362579379755,32.55292851091879,0.18564749395682284,9.346963657674651,5.652739109066772,15.554705041506583,1.0,0.9447222222222221,0.0,86.28586340129154
2024-06-15 06:25:00+00:00,26.628415503101927,26.936566172206817,26.89834026976401,33.57229978038477,0.28580676132843297,9.595190270579032,21.196265208762984,1.5701861745311743,42.24009485254028,27.049210478648064,33.74640192636123,0.3001009308578926,8.105177840203716,6.328170595750415,26.628415503101927,1.0,0.9446527777777778,0.0,85.14492462801383
2024-06-15 06:30:00+00:00,39.98897702677468,27.56412293504662,28.49967552433647,34.088046406180894,0.4202979023093674,14.327134398342201,21.07512305460849,2.764114041059691,60.855809381453156,28.622876615843932,33.53346647418611,0.4795487900240191,18.09196417342585,7.835834276869236,39.98897702677468,1.0,0.9445833333333333,0.0,84.00297988105683
2024-06-15 06:35:00+00:00,55.104275678086836,26.79114915401015,28.218720273272943,34.657054644801946,0.5701812070289685,19.760801249442093,21.09455317564118,4.410847478513198,50.716526733666335,28.730478753711076,34.56190288536358,0.6334565294658858,19.694112853015454,9.477010347953858,55.104275678086836,1.0,0.9445138888888889,0.0,82.86011376351833
2024-06-15 06:40:00+00:00,71.54747731132043,27.720614090952065,29.40589620897303,34.972958989321704,0.730500161640742,25.547752194754548,21.004359749730014,6.539826828076077,87.65561031515435,29.618934665155543,35.44617491112403,0.6697328296765057,22.886645907708036,11.38423084026286,71.54747731132043,1.0,0.9444444444444444,0.0,81.71640901558139
2024-06-15 06:45:00+00:00,88.99270035521569,26.766558336508055,28.836483924987213,35.40347920967224,0.8993175482842473,31.83897012357476,21.045328302532308,9.193074338373973,72.27156400119325,29.275468657191357,35.408727927487064,0.8665550164112799,32.91055976746703,14.126777487551779,88.99270035521569,1.0,0.944375,0.0,80.57194798765039
2024-06-15 06:50:00+00:00,107.19438072734032,27.23129975740074,30.07826764123996,35.58512227649831,1.0728988510059643,38.17923680336178,20.951074522588964,12.374677405320789,116.83695022782462,29.941622525292132,35.65667512352079,1.099816189467889,41.58065446581882,17.591832026370014,107.19438072734032,1.0,0.9443055555555555,0.0,79.42681180897236
2024-06-15 06:55:00+00:00,125.96685890870317,27.379629993753735,30.483854187041462,35.81448442612275,1.250814093962773,44.797261888204574,20.919256660652227,16.10778256267117,110.18742976473563,30.284781861092146,35.62416321054657,1.2357602785599378,45.15202935354529,21.354501139165453,125.96685890870317,1.0,0.944236111111111,0.0,78.28108109454647
2024-06-15 07:00:00+00:00,145.16818495640183,26.733607993590795,30.555915277836718,36.04714977497884,1.4317000858660394,51.60870742806319,20.91233916170802,20.408508181676435,137.22020774870012,29.746670592774315,36.04251240294275,1.5312070413976504,52.04814039199123,25.69184617183139,145.16818495640183,1.0,0.9441666666666666,0.0,77.13483665386045
2024-06-15 07:05:00+00:00,164.68820946433394,28.585485342176195,33.02153687121412,35.988478400411935,1.6124251032114427,58.02872599920699,20.726768975412472,25.244235348277016,173.82700970907885,32.65347519192513,35.960038632018296,1.66771805817344,58.23607976950654,30.54485281929027,164.68820946433394,1.0,0.9440972222222221,0.0,75.9881586668586
2024-06-15 07:10:00+00:00,184.4400064351154,27.799080748292454,32.92430182405879,36.19020386393429,1.7962414914028777,65.00634576272752,20.732501401589182,30.661430828504308,173.91328179659115,32.040397424356904,36.5618711507442,1.7552085443601213,60.62575868284871,35.59699937619433,184.4400064351154,1.0,0.9440277777777777,0.0,74.84112817113999
2024-06-15 07:15:00+00:00,204.35379708026107,28.45177154259866,33.755914426270294,36.270234163784146,1.9796979910873722,71.80410971031205,20.668914499157616,36.645106637696976,211.7952455546004,33.304406905984955,36.068217695260074,1.9418969806071789,75.86626874551932,41.919188438320944,204.35379708026107,1.0,0.9439583333333333,0.0,73.69382609660795
2024-06-15 07:20:00+00:00,224.37257277439926,29.091561237570463,35.654494558986954,36.21448097786668,2.1618957805270433,78.29193362002684,20.525716682101763,43.16943443936588,203.33453910535678,36.37355603467692,35.6621282486136,2.098623576259281,82.09870619457425,48.760747287868796,224.37257277439926,1.0,0.9438888888888889,0.0,72.54633477026502
2024-06-15 07:25:00+00:00,244.44898186384054,29.22954408651061,36.868574769755625,36.22116566219547,2.3443364633400505,84.9145994065654,20.433615217356675,50.24565105657966,234.30904557886296,36.957638947093464,36.302495887023625,2.362906907953689,87.91169823806253,56.086722141040674,244.44898186384054,1.0,0.9438194444444444,0.0,71.39873697108523
2024-06-15 07:30:00+00:00,264.54303107550754,29.621175571212373,36.98708170194269,36.33957276505324,2.527497314741535,91.84817258252669,20.423269739367992,57.899665438456886,272.56653040959696,36.987574226825,36.64957592696167,2.497233675187076,92.71040076250318,63.812588871249275,264.54303107550754,1.0,0.94375,0.0,70.25111746042955
2024-06-15 07:35:00+00:00,284.62043273501655,29.03057951667486,37.53939289738334,36.398951137977036,2.7092074544445346,98.61230975696976,20.380561042684082,66.11735791820436,306.75906158773614,37.458373950579265,36.261218026970596,2.675414490139424,98.8161594745253,72.04726882745972,284.62043273501655,1.0,0.9436805555555555,0.0,69.10356222027907
2024-06-15 07:40:00+00:00,304.6513563417261,28.87945574597458,37.87284052056776,36.474301013141684,2.890139423837125,105.41581531498316,20.354185804741707,74.90200919445296,287.9723366002834,37.59610018898158,36.10959513434666,2.8268723694221825,104.78530731904819,80.77937777071374,304.6513563417261,1.0,0.9436111111111111,0.0,67.9561592493219
2024-06-15 07:45:00+00:00,324.60949041255435,29.397056755252457,38.713715659429646,36.48394090633292,3.0689487466854146,111.96734471863513,20.289962523409645,84.23262125433922,347.800574810675,38.64757400392702,36.269376536833164,3.113434487285267,115.13681857482192,90.37411265194889,324.60949041255435,1.0,0.9435416666666666,0.0,66.80899938076536
2024-06-15 07:50:00+00:00,344.47135667225257,27.963710467119284,38.629005248391906,36.59225048456134,3.247860966008578,118.84654200721526,20.29478771989603,94.13649975494049,348.494594842588,39.1172189772188,36.67896441263328,3.2105131573100016,120.50007607382035,100.41578565810059,344.47135667225257,1.0,0.9434722222222222,0.0,65.66217558649842
2024-06-15 07:55:00+00:00,364.2157496234149,28.378368447300424,39.57302242655867,36.57651693136022,3.423327192429381,125.21338501547909,20.22288504497757,104.57094850623041,397.38644151310814,39.02151919169477,36.46406520548997,3.378035680141333,122.8984905338627,110.65732653592248,364.2157496234149,1.0,0.9434027777777777,0.0,64.5157846179892
2024-06-15 08:00:00+00:00,383.8233417486881,28.677300387645598,40.57209930157182,36.548467751980375,3.5968230102924705,131.45836980125534,20.146886448323244,115.52581265633502,379.5706198289851,40.224285284615476,36.55694317076473,3.502499249753021,130.5330884611802,121.5350839076875,383.8233417486881,1.0,0.9433333333333332,0.0,63.36992621891815
2024-06-15 08:05:00+00:00,403.27633828451883,29.177272252675007,41.478191896572575,36.52567114759428,3.7685154031907713,137.6475543315898,20.077832969632926,126.9964421839675,396.0615749628966,40.99234027400559,36.05416783350891,3.7887531716627985,138.35911034036963,133.06500976938497,403.27633828451883,1.0,0.9432638888888888,0.0,62.2247048357915
2024-06-15 08:10:00+00:00,422.5582439377435,30.748729325646124,43.34376529719636,36.38709003213775,3.935983578457911,143.21898883436373,19.937243025987726,138.9313579201645,427.4449015231205,43.147899793678796,36.28301742483111,3.9475053494762213,142.12255965300602,144.90855640713548,422.5582439377435,1.0,0.9431944444444444,0.0,61.080228912010455
2024-06-15 08:15:00+00:00,441.65364086381084,29.617745978481082,42.788375294771974,36.52375294944935,4.10666861781181,149.9909500422152,19.977186294785813,151.43060375701575,426.0541245777844,44.080142743934665,36.68140619998705,4.143230412519955,151.4018723474394,157.52537910275544,441.65364086381084,1.0,0.943125,0.0,59.93661268883503
2024-06-15 08:20:00+00:00,460.54804671156245,30.319083387941877,44.14214130284606,36.435488790933775,4.270725487211263,155.60597061844115,19.87478278255016,164.39776797521918,462.52805876983723,45.065994956218525,36.382556719454534,4.342500903374903,159.64739871322706,170.82932899552435,460.54804671156245,1.0,0.9430555555555555,0.0,58.79397575842236
2024-06-15 08:25:00+00:00,479.22777842218665,32.170163296601785,46.999222843268214,36.16852801126339,4.4284388413520865,160.17011427960972,19.66031989888535,177.74527749851998,478.4364554380359,47.97594248530796,35.96371955576744,4.438795529235807,164.1841687483721,184.5113430578887,479.22777842218665,1.0,0.9429861111111111,0.0,57.65244421577662
2024-06-15 08:30:00+00:00,497.6798414228233,30.687945566698986,46.240440611162214,36.31799344044346,4.59286324653671,166.80357726057406,19.715436142487434,191.6455756035678,517.1179033492725,45.566693591372314,36.52837937303233,4.575645840915453,168.21098865598503,198.52892544588744,497.6798414228233,1.0,0.9429166666666666,0.0,56.51215188026102
2024-06-15 08:35:00+00:00,515.8918633673969,31.95450265798642,47.56253499186998,36.222227813339046,4.749308478111828,172.03053364998922,19.615434695613853,205.98145340773357,521.0048008588224,46.84137684858858,36.41962351094785,4.669119361569081,170.2571423934573,212.71702064534222,515.8918633673969,1.0,0.9428472222222222,0.0,55.37324006897591
2024-06-15 08:40:00+00:00,533.8520061511152,30.455567741325563,46.7563869419575,36.37164419042717,4.909092479961794,178.5517649790721,19.674076106770112,220.86076715598958,515.7127610573517,47.21449668815993,36.278563161523024,4.9144752857011085,180.52712319493764,227.76094757825368,533.8520061511152,1.0,0.9427777777777777,0.0,54.235859758171216
2024-06-15 08:45:00+00:00,551.5489297914665,31.355285018261398,47.976342631315575,36.28187680602476,5.060503299426404,183.60455728627065,19.581704346242535,236.16114692984547,532.5751753576152,47.49967341301845,36.13351022847588,5.078129914094102,181.1688914376108,242.85835519805457,551.5489297914665,1.0,0.9427083333333333,0.0,53.10017140584043
2024-06-15 08:50:00+00:00,568.9717274591276,30.781494856594243,47.88637293313666,36.3426148096642,5.213034788426389,189.45531530515953,19.586966758148407,251.9490898719421,555.1300683634181,48.03113885183749,36.59822717023406,5.225885984598385,188.4902465508067,258.56587574395513,568.9717274591276,1.0,0.9426388888888888,0.0,51.9663473377145
2024-06-15 08:55:00+00:00,586.1099069100623,31.56245406270882,49.34382829563359,36.21969609216212,5.3580083231543245,194.06543312392478,19.47691649396357,268.1212092989358,556.183481810686,48.6392749430526,36.109710399457455,5.260641607202358,192.71004824902917,274.62504643137424,586.1099069100623,1.0,0.9425694444444443,0.0,50.83457183578193
2024-06-15 09:00:00+00:00,602.9533408177716,32.910860498277565,51.06311912748896,36.06344857790181,5.499046064288545,198.31456496698326,19.347372102283956,284.64742304618443,571.7573222692956,51.62644837577903,36.03077610834559,5.560818938868673,197.8715626540169,291.11434331920896,602.9533408177716,1.0,0.9425,0.0,49.70504381665715
2024-06-15 09:05:00+00:00,619.4922573797822,30.511311689055585,49.31314188864501,36.31234096212689,5.648559994799909,205.11243647620398,19.47633290980736,301.7401260858681,650.4656551019034,49.24310641190127,36.67253438495847,5.679618238301269,205.7798326793018,308.2626627091508,619.4922573797822,1.0,0.9424305555555555,0.0,48.577977417234756
2024-06-15 09:10:00+00:00,635.7172120587423,32.84007003958004,52.07371674001538,36.02914426994074,5.779939520280407,208.24627484771483,19.269229526953676,319.09398232317767,623.6815192950089,51.868179955318034,36.06651631608297,5.760444938710768,210.42573801327282,325.7981408769235,635.7172120587423,1.0,0.9423611111111111,0.0,47.453604307946755
2024-06-15 09:15:00+00:00,651.6190636945832,32.80925132475757,52.84851538093076,35.97726185984732,5.914853469069991,212.80023211935736,19.21008977535141,336.82733499979076,670.5481473243884,54.26968522390215,35.878177762352465,5.900646012016888,213.44817662570847,343.5854889290659,651.6190636945832,1.0,0.9422916666666666,0.0,46.33217624154159
2024-06-15 09:20:00+00:00,667.1889751649375,32.142011190908555,52.53656951827072,36.05156926409102,6.050566716015231,218.13242504942684,19.23191119484919,355.005037087243,656.4660166432116,52.622106909532846,35.656286665403115,5.9545543098055,214.86218518695728,361.490671027979,667.1889751649375,1.0,0.9422222222222222,0.0,45.213966373987894
2024-06-15 09:25:00+00:00,682.4183842796591,31.45344645188116,52.22982693645627,36.123678450327795,6.183207036179213,223.3601827667422,19.25334162013465,373.61838565113817,676.6071885462605,51.68536720052883,36.13075974518926,6.1993631262316224,224.63055640733123,380.2098840619232,682.4183842796591,1.0,0.9421527777777777,0.0,44.099273162899216
2024-06-15 09:30:00+00:00,697.2990106225398,33.133596966634585,54.2190589297346,35.923060647425686,6.3039621139237925,226.45761333755823,19.103764490913367,392.489853429268,672.4294662247758,53.74634553769309,35.905742560767266,6.2867874190847175,228.08981779779117,399.2173688784058,697.2990106225398,1.0,0.9420833333333333,0.0,42.98842223284048
2024-06-15 09:35:00+00:00,711.8228310018145,32.6924808098061,54.53537957166894,35.91828309287371,6.427710172285474,230.8723136070937,19.078798457076214,411.72921289652584,730.4606646169684,55.141568128999396,35.79351480316373,6.371189517365637,232.57740184131276,418.5988190318485,711.8228310018145,1.0,0.9420138888888888,0.0,41.88177106269698
2024-06-15 09:40:00+00:00,725.9820887659862,33.613622305280295,55.670270765284336,35.815124053812156,6.544841606010334,234.4043140318113,18.99287775010022,431.2629057325101,720.3633056523797,55.17617781188835,36.00023346264885,6.643553224869339,233.0776763861762,438.0219587306965,725.9820887659862,1.0,0.9419444444444444,0.0,40.77971177960251
2024-06-15 09:45:00+00:00,739.769272701896,33.56016166727545,56.24441113718855,35.77675766315906,6.6607667139524915,238.30063657591458,18.948724989979752,451.1212921138363,764.3536432336964,57.006719794830424,35.51847493262984,6.738010416132013,237.98305245568312,457.8538797686701,739.769272701896,1.0,0.9418749999999999,0.0,39.68267690317337
2024-06-15 09:50:00+00:00,753.1771260629681,35.295767797201194,58.36193852850098,35.5540150219958,6.766690856012415,240.58302834386706,18.789660962929634,471.16987780915855,743.026739644779,57.72837522363839,35.23743974351554,6.802884651365212,239.71740842706126,477.83033047092516,753.1771260629681,1.0,0.9418055555555556,0.0,38.59114352886725
2024-06-15 09:55:00+00:00,766.1986370593622,33.60855452388208,56.84488217148113,35.76071662634667,6.884525566986127,246.19556790782954,18.901224211849268,491.68617513481104,785.2079308743399,56.90650210167392,35.60308371599466,6.883470238300799,247.9644640403733,498.49403580762294,766.1986370593622,1.0,0.9417361111111111,0.0,37.50563976136616
2024-06-15 10:00:00+00:00,778.8270309932773,32.976502507378136,57.31311231868159,35.730786794392294,6.990424098626152,249.77335307039297,18.864972061733916,512.5006212240105,800.8125804022153,56.671078406232844,35.7199044626987,6.928360330389451,246.0518449058222,518.9983562164415,778.8270309932773,1.0,0.9416666666666667,0.0,36.42675202347398
2024-06-15 10:05:00+00:00,791.0557801929784,34.32946170024049,58.87407291328976,35.569781973339516,7.0878647222214495,252.1138028259416,18.747380484377203,533.510104792839,769.1388188342597,59.34581550570388,35.263794038450776,7.086904778957991,251.18487249748824,539.9304289245655,791.0557801929784,1.0,0.9415972222222222,0.0,35.35513194312758
2024-06-15 10:10:00+00:00,802.8785887148304,34.51839355074635,59.47889579744551,35.521014191674624,7.185843274620036,255.24844093692795,18.70097718858638,554.7808082042496,809.7051795884819,60.02243288138725,35.27928009260279,7.209336468681336,257.9701277737589,561.4279395723787,802.8785887148304,1.0,0.9415277777777777,0.0,34.291506602773815
2024-06-15 10:15:00+00:00,814.2894042690474,35.80374943939725,61.25029332280498,35.33229015428015,7.2747024842193895,257.0318989585021,18.567751697222846,576.2001331174581,799.272771464911,61.42519149688422,35.156667492087216,7.269286465364199,256.0964576132344,582.7693110401483,814.2894042690474,1.0,0.9414583333333333,0.0,33.23668785172103
2024-06-15 10:20:00+00:00,825.2824045893542,35.423722736722944,60.883363990179056,35.396688458553555,7.369779249654745,260.8657801083416,18.59369084254425,597.9389481264866,808.419146665517,60.67870796783277,35.37845138384556,7.368016036417544,263.60106411298636,604.7360663828972,825.2824045893542,1.0,0.9413888888888888,0.0,32.19158548081735
2024-06-15 10:25:00+00:00,835.8520091584224,35.08734824605817,60.520365057326934,35.45961034821804,7.46119658935083,264.57112378983385,18.619333460027864,619.9865417756395,837.7196609755302,60.124222355178915,35.30557681621712,7.470531415078667,266.2230218825945,626.9213182064467,835.8520091584224,1.0,0.9413194444444444,0.0,31.15721992032089
2024-06-15 10:30:00+00:00,845.9928670286127,36.333394323289326,62.341892434529115,35.26130468169308,7.5383431696168595,265.81181529902005,18.48241249380137,642.1375263838911,858.0334529288922,62.162586586860044,35.44259597241852,7.48116134463171,262.02636311753173,648.756848466241,845.9928670286127,1.0,0.9412499999999999,0.0,30.134739223364768
2024-06-15 10:35:00+00:00,855.6998668342854,33.818624723149625,60.00979804123558,35.55683994362,7.631899285602353,271.3662213639907,18.654576823552894,664.7513781642236,875.6662456626875,59.27937657770967,35.099183397248076,7.672931820938646,269.62832175963234,671.2258752795436,855.6998668342854,1.0,0.9411805555555555,0.0,29.125436232568866
2024-06-15 10:40:00+00:00,864.9681323155879,34.50254934474256,60.76049910542698,35.48404977793937,7.7066709672585905,273.463896224404,18.597345892441393,687.5400361829239,860.0184524042437,60.27689682580865,35.54816882683417,7.757025714633821,277.33769227055143,694.3373496354229,864.9681323155879,1.0,0.9411111111111111,0.0,28.13076965963046
2024-06-15 10:45:00+00:00,873.7930190291432,34.34819057939503,60.822300890988835,35.49239866968395,7.780968695046524,276.1652429609217,18.591375689712525,710.5538064296674,888.4701192734468,61.38649659400888,35.3558554245989,7.759459542455114,272.731523923439,717.0649766290428,873.7930190291432,1.0,0.9410416666666667,0.0,27.152387845343547
2024-06-15 10:50:00+00:00,882.1701232768901,35.01491185776951,62.10001269385386,35.35468192043618,7.845263607131052,277.3667994120921,18.494951996853302,733.667706380675,890.517421085582,61.76485249393635,35.429313510282384,7.810545893918661,276.1474304083924,740.0772624964088,882.1701232768901,1.0,0.9409722222222222,0.0,26.192154030138752
2024-06-15 10:55:00+00:00,890.0952729752134,34.155418298701846,61.13249910678492,35.48398702101899,7.917006318698941,280.92694945803856,18.565557166443288,757.0782855021782,889.9815123100158,61.05208790747579,35.86067395731989,8.023047869822289,281.1368321306028,763.5053318406257,890.0952729752134,1.0,0.9409027777777778,0.0,25.252176405688076
2024-06-15 11:00:00+00:00,897.564537182651,36.29200519630679,63.817865318656104,35.17618053816514,7.966063457373752,280.2156863550591,18.364446215403866,780.4295926984331,883.648619920493,64.45489686148773,35.1435391307018,8.023126238615513,280.7411782184833,786.9004300254993,897.564537182651,1.0,0.9408333333333333,0.0,24.334838624323226
2024-06-15 11:05:00+00:00,904.5742180348635,35.556688999379276,63.53398286892562,35.22202358793772,8.026453042511113,282.7079183908009,18.38420465766482,803.9885858976666,905.194667302568,63.64365567557061,35.242643861290176,7.910455441961601,286.0050794484768,810.7341866462057,904.5742180348635,1.0,0.9407638888888888,0.0,23.44283423461404
2024-06-15 11:10:00+00:00,911.1208593906205,34.42741239997833,62.548539343984906,35.35086453744347,8.086593920896199,285.8680862669154,18.45613521750954,827.8109264199095,963.0712075114876,62.50693956152587,35.49925806047975,8.08148753518715,283.89823442553285,834.3923728483334,911.1208593906205,1.0,0.9406944444444444,0.0,22.579199799598584
2024-06-15 11:15:00+00:00,917.2012397913874,34.99913937862428,63.53181225024638,35.24355446935149,8.132393608425335,286.6144571047442,18.38165193842579,851.6954645119715,903.4133319039867,64.01684401843008,34.959394811200866,8.081394365749219,286.8687659190426,858.298103341587,917.2012397913874,1.0,0.9406249999999999,0.0,21.74734861099934
2024-06-15 11:20:00+00:00,922.8123793900763,36.44186939240202,65.00178971177532,35.077130674805524,8.17147236955514,286.6318041124484,18.27098848706353,875.5814481880088,920.2851017306242,65.19086083848589,35.19080262678237,8.125884070656147,288.16076240212504,882.3115002084307,922.8123793900763,1.0,0.9405555555555555,0.0,20.951098159890208
2024-06-15 11:25:00+00:00,927.9515375552257,37.077202432637435,65.66519215325685,35.00625998971867,8.210778514966535,287.4286474129147,18.220313034258112,899.5338354724184,914.7317444205602,65.81503521591658,35.15073102925301,8.176285552941414,286.79577833594715,906.211148403093,927.9515375552257,1.0,0.940486111111111,0.0,20.19468979497914
2024-06-15 11:30:00+00:00,932.6162115811693,38.34355761402166,66.78691797108856,34.87969891000105,8.243475442434535,287.5299414041043,18.135569331645982,923.4946639227604,952.9261300461786,66.8431400078911,34.83398633613575,8.245621176484459,285.71087016817853,930.0203875837745,932.6162115811693,1.0,0.9404166666666666,0.0,19.482793074156532
2024-06-15 11:35:00+00:00,936.8041419009019,39.365419300147195,67.71035627675889,34.77599948956288,8.273132738521346,287.7064598919043,18.065579183995965,947.4702022470858,963.4756228989761,68.39701787010121,34.88825360179983,8.266537652891918,286.77049215146866,953.9179285963969,936.8041419009019,1.0,0.9403472222222222,0.0,18.820485925607386
2024-06-15 11:40:00+00:00,940.513307439917,36.967625787587934,66.2042120239296,34.962233741957746,8.312238013176993,290.61440833548045,18.176207674017217,971.6880696083758,960.3019682318168,67.01359872693152,34.96961651007074,8.247497694119316,288.16856540393536,977.9319757133915,940.513307439917,1.0,0.9402777777777778,0.0,18.21320357611347
2024-06-15 11:45:00+00:00,943.7419305491484,35.66221877838849,64.55594724098441,35.164739763088996,8.34802536858769,293.5561396220512,18.29738369578838,996.1510812435467,973.0276766323376,63.32263182070415,34.99382523897325,8.293711882013463,293.51818793549984,1002.3918247080164,943.7419305491484,1.0,0.9402083333333333,0.0,17.666643312348825
2024-06-15 11:50:00+00:00,946.4884732437661,34.61508528577178,63.95298605942885,35.241366383311615,8.373960847866664,295.10982231917586,18.340848096542874,1020.7435664368114,945.296120034514,64.89872079810932,34.9601982399366,8.27095176956594,297.27698685230445,1027.1649069457085,946.4884732437661,1.0,0.9401388888888889,0.0,17.18661922956983
2024-06-15 11:55:00+00:00,948.7516409502781,37.107006427727406,66.1368209353078,34.98356386004552,8.380388157612764,293.17584428381537,18.177189007836212,1045.174886793796,973.5050067035066,66.50203604396059,35.16155274838452,8.375869935559377,292.12707697192525,1051.5088300267023,948.7516409502781,1.0,0.9400694444444444,0.0,16.77885997103509
2024-06-15 12:00:00+00:00,950.5303796100073,36.11526213496518,65.35210816044984,35.080371026853136,8.399173710337447,294.64613007762836,18.234162390259648,1069.7287309669318,938.2381206521501,65.15685901616187,35.418294899378715,8.412593624662994,295.97799635831893,1076.1736630565622,950.5303796100073,1.0,0.94,0.0,16.448755275628812
2024-06-15 12:05:00+00:00,951.8238780762995,36.59845678548038,66.30067943182662,34.96886019026839,8.404183659632473,293.88472340702606,18.16232715861301,1094.219124584184,974.7709766686465,66.71505824515714,34.79349598619677,8.447240553930643,289.81766601245573,1100.325135224267,951.8238780762995,1.0,0.9399305555555555,0.0,16.201064108643024
2024-06-15 12:10:00+00:00,952.631566861249,36.48398986636597,65.52165208288788,35.06343606781971,8.414743122422115,295.0498075001734,18.218870372526563,1118.8066085425319,974.6140385847145,64.75631698271738,35.11910170994127,8.463800014009477,291.2909978626408,1124.5993850461537,952.631566861249,1.0,0.939861111111111,0.0,16.039613473245595
2024-06-15 12:15:00+00:00,952.953118007421,37.03419104584513,66.46522616177921,34.950958256147594,8.411553405878871,293.99185195822855,18.147417772916462,1143.305929539051,943.5972560846072,66.59102119656988,34.690318162173845,8.416477356456404,296.4765723928768,1149.3057660788934,952.953118007421,1.0,0.9397916666666666,0.0,15.967025149304078
2024-06-15 12:20:00+00:00,952.7884456572921,38.316442527080845,67.72455651346462,34.79989309248862,8.402436806252618,292.4039025739826,18.052516948092993,1167.6729214202162,966.6838086310468,68.30188797684514,34.688102629221866,8.382243906716898,292.03164100685456,1173.641736162798,952.7884456572921,1.0,0.9397222222222221,0.0,15.98451209931683
2024-06-15 12:25:00+00:00,952.1377055384797,37.47954040040092,67.00128180130083,34.88546789172973,8.40041196969656,293.05230204615145,18.10491340519701,1192.0939465907288,936.0076649978099,66.82303258184109,34.7687667377163,8.507423605666016,293.8909719757373,1198.1326504941094,952.1377055384797,1.0,0.9396527777777778,0.0,16.09177986530713
2024-06-15 12:30:00+00:00,951.0012947730378,37.232401423051606,66.61476270388093,34.929938053758036,8.392373365034254,293.1450817646554,18.132286921031714,1216.52270340445,930.0552225479887,65.40788966759,34.68463590880251,8.346043213211535,290.1374228835715,1222.3107690677402,951.0012947730378,1.0,0.9395833333333333,0.0,16.287050800961453
2024-06-15 12:35:00+00:00,949.379852415093,36.42040920143658,65.48155697923451,35.063025118634506,8.384391174161236,293.9821183440729,18.215117732859255,1241.0212132664562,928.5645333853054,65.52137132258038,35.03084335361756,8.316551238146863,292.0409531659709,1246.6475151649045,949.379852415093,1.0,0.9395138888888889,0.0,16.567206556717153
2024-06-15 12:40:00+00:00,947.2742582116992,35.842858021582906,64.9924896759326,35.118190679931935,8.368693366188037,293.89336937567293,18.25009505697873,1265.5123273810957,930.7109258687693,64.8592375143585,35.29941384978136,8.345609809244491,296.22892256110634,1271.3332587116633,947.2742582116992,1.0,0.9394444444444444,0.0,16.928023606508773
2024-06-15 12:45:00+00:00,944.685634138766,37.08913312688751,66.02839369315332,34.99001069778601,8.340468225914499,291.8330724492926,18.171813670265884,1289.8317500852033,927.5532091288683,66.74774957480061,35.08512055391257,8.350196317596888,291.7140407538806,1295.64276210782,944.685634138766,1.0,0.939375,0.0,17.364462091122235
2024-06-15 12:50:00+00:00,941.6153424698409,37.575953055167496,66.41095204386781,34.9392703871148,8.311803116956945,290.4083365078223,18.142061363594124,1314.0324447941885,939.7678535579881,66.8613710319474,34.819158034082676,8.379305772840116,291.6627067096678,1319.947987666959,941.6153424698409,1.0,0.9393055555555555,0.0,17.87096772375199
2024-06-15 12:55:00+00:00,938.0649860493482,39.448328748667315,67.93269414882741,34.751427593885495,8.272753428565819,287.48999177487303,18.027723279576286,1337.9899441087612,963.7766871964067,68.93186961663801,35.019372662805075,8.249104192386365,287.5109960273827,1343.9072373359077,938.0649860493482,1.0,0.939236111111111,0.0,18.441751178691533
2024-06-15 13:00:00+00:00,934.0364096465445,37.857681131785434,66.63201547095603,34.90054138257045,8.245363657370872,287.76765553841454,18.1229649877612,1361.9705820702957,930.0211493417745,66.68212241442771,34.927983675711076,8.164332473146738,290.0876945145988,1368.081211878791,934.0364096465445,1.0,0.9391666666666666,0.0,19.07102257593867
2024-06-15 13:05:00+00:00,929.5316961058417,38.75347606952915,67.67055602704814,34.768971015482556,8.200996210181081,285.1401995298683,18.044519604645952,1385.7322653644515,916.6552900487495,68.04308148064646,35.11327363718645,8.237657099197449,283.99593601398436,1391.7475398799563,929.5316961058417,1.0,0.9390972222222221,0.0,19.75317197481654
2024-06-15 13:10:00+00:00,924.553170090167,37.31107245842032,65.43655341959504,35.02801405890762,8.170567217511909,286.19874336425687,18.20903409617384,1409.5821606448062,934.4447867966564,65.76944488977003,34.750896754624335,8.147980599926752,281.54939330707265,1415.2099893222123,924.553170090167,1.0,0.9390277777777777,0.0,20.48289384325642
2024-06-15 13:15:00+00:00,919.1033927587855,36.66133847680882,64.96619154354518,35.0752377986041,8.126424279748472,285.0362640645277,18.242603818806334,1433.3351826501835,915.1565508442067,64.66290716824726,35.66314669079628,8.07297316325974,283.07972129519186,1438.7999660968117,919.1033927587855,1.0,0.9389583333333333,0.0,21.255264596869722
2024-06-15 13:20:00+00:00,913.1851663916356,36.913345261865295,64.67173360045956,35.100569176699764,8.077340311471122,283.51924236653775,18.26311147611962,1456.9617861807283,914.279933722914,64.83978447008927,35.049849936539104,8.03170294257352,284.5916933907375,1462.5159405460397,913.1851663916356,1.0,0.9388888888888889,0.0,22.065779782991243
2024-06-15 13:25:00+00:00,906.8015279465341,37.18166601920633,64.9233694892399,35.059778299855246,8.02140142595724,281.22855564820355,18.243083745195886,1480.397499151412,912.426964875395,66.2425848716233,34.80799664780266,8.027949096103411,281.7248838973051,1485.9930142041485,906.8015279465341,1.0,0.9388194444444444,0.0,22.910363988331852
2024-06-15 13:30:00+00:00,899.955754621538,40.060028623425644,67.71643033789954,34.71457035919089,7.9480579164970395,275.9134157611606,18.03444318654582,1503.3902837981752,906.18420710039,67.45104146560017,34.48608909999034,7.859675733960729,275.3459179871741,1508.9385073697463,899.955754621538,1.0,0.93875,0.0,23.78535914581181
2024-06-15 13:35:00+00:00,892.6513573496883,37.13106402655417,64.43922497022035,35.09357044185405,7.90299740112391,277.3443959981314,18.27631370395507,1526.5023167980196,882.1309058140879,64.7461618329611,35.265121093138326,7.97672080315388,279.6812729403194,1532.2452801147729,892.6513573496883,1.0,0.9386805555555555,0.0,24.6875018925481
2024-06-15 13:40:00+00:00,884.8920823239137,38.80804678847031,65.47317122106104,34.95680020056637,7.831354396363721,273.7590909335136,18.198237117202332,1549.3155743758125,880.9202561265258,65.44221549130772,35.12292213833964,7.822874623087835,272.5111655250523,1554.9545439085273,884.8920823239137,1.0,0.9386111111111111,0.0,25.613892767856257
2024-06-15 13:45:00+00:00,876.6819136369588,37.079944207821804,63.45700887671333,35.18314977495596,7.7715785034620986,273.4286104751351,18.34648994134787,1572.101291915407,890.3054125311509,63.88589704767353,35.330840366968374,7.773781484480058,271.0533863274261,1577.5423261024794,876.6819136369588,1.0,0.9385416666666666,0.0,26.561962240562067
2024-06-15 13:50:00+00:00,868.0250651952312,38.92395878552911,65.53239678909688,34.920401631939974,7.687092621061787,268.43636170939976,18.191150061603935,1594.4709887245237,862.116957563234,65.13224567060358,35.027436273655326,7.739413765844157,270.15679574199726,1600.0553924143126,868.0250651952312,1.0,0.9384722222222222,0.0,27.52943755492484
2024-06-15 13:55:00+00:00,858.9259887797829,38.38304718274514,64.68443668378409,35.00542643583707,7.613716899679238,266.5214068350111,18.252713293838568,1616.6811059607746,855.0290445703458,65.41230397734158,34.76534617218408,7.576183696552166,265.0936615080984,1622.1465308733207,858.9259887797829,1.0,0.9384027777777777,0.0,28.514308911362292
2024-06-15 14:00:00+00:00,849.3893642093489,37.84336210234191,63.61771969451746,35.115461987445016,7.537573416279158,264.68537277692684,18.330495372873536,1638.7382203588518,853.6587299662249,63.58300370079454,35.07219563584476,7.540502433563186,265.1244914303127,1644.2402384925133,849.3893642093489,1.0,0.9383333333333332,0.0,29.51479989500954
2024-06-15 14:05:00+00:00,839.4201084842692,37.957333690503845,63.900627338829096,35.06366122864267,7.451017216758718,261.2599434972117,18.308153229941617,1660.5098823169528,845.409928973408,63.793052348203545,34.58672849043068,7.446581337611873,258.3080105007666,1665.765906034244,839.4201084842692,1.0,0.9382638888888889,0.0,30.52933848836051
2024-06-15 14:10:00+00:00,829.0233651756614,37.33759807722547,62.661310645810325,35.192071589612986,7.368150774872231,259.30048955236595,18.39872145272605,1682.1182564463168,823.9850210977447,62.41549766100709,35.00295036031699,7.392000234006155,256.2704069063133,1687.1217732764367,829.0233651756614,1.0,0.9381944444444444,0.0,31.556533049159142
2024-06-15 14:15:00+00:00,818.2045147240018,38.42894358739091,63.504300384504425,35.07157931957782,7.271642771857272,255.02799625682707,18.33483752371773,1703.3705894677191,826.3011902655413,63.72980618918207,35.19160049863268,7.393760347505102,253.67079011738417,1708.2610057862187,818.2045147240018,1.0,0.938125,0.0,32.59514892636975
2024-06-15 14:20:00+00:00,806.9691647053565,37.51457410439318,62.15388344857119,35.21090591403631,7.181902632568899,252.88129787915318,18.433629330695613,1724.4440309576485,806.5668711224581,61.706642223153956,34.821419957284,7.1268146679003195,257.30298312169896,1729.7029210463602,806.9691647053565,1.0,0.9380555555555555,0.0,33.644089766012
2024-06-15 14:25:00+00:00,795.3231537506122,36.72684494201131,61.289035698205296,35.2912495057634,7.086188219091251,250.08043648475055,18.496398402957166,1745.2840673313776,775.4190314045355,61.736321729820986,35.75288987056773,7.0825698440950235,251.00196485932133,1750.6197514513037,795.3231537506122,1.0,0.9379861111111111,0.0,34.70237987525414
2024-06-15 14:30:00+00:00,783.2725566982128,36.65362131667086,61.02828058681725,35.29860651833234,6.984142186109483,246.53048689556408,18.514364154322447,1765.8282745726747,792.6715901332872,60.71125598358733,35.53890088578241,7.089776470332874,245.94369570628248,1771.1150594268272,783.2725566982128,1.0,0.9379166666666666,0.0,35.769148745288355
2024-06-15 14:35:00+00:00,770.8236740935042,38.079480001464205,62.16771981688621,35.13862970609656,6.872414655295508,241.48723375918007,18.428509495773067,1785.952210719273,757.5120328371796,62.09787206702906,34.89678565895334,6.827245221199706,240.63741375715054,1791.1681772399231,770.8236740935042,1.0,0.9378472222222222,0.0,36.84361894233132
2024-06-15 14:40:00+00:00,757.9830458917547,39.4575532805081,62.92386949287284,35.02309159614117,6.759097681250133,236.7244971976888,18.371084285943308,1805.6792521524137,803.5646516814016,63.56833306168575,35.15568641111777,6.839693106570915,237.1723429287812,1810.932539150655,757.9830458917547,1.0,0.9377777777777777,0.0,37.925093564695466
2024-06-15 14:45:00+00:00,744.7574393985401,38.00627385679928,60.8946126592385,35.236430252220075,6.6545183311243985,234.4814710367848,18.520161032812645,1825.2193747388123,748.8196567093062,61.636369931465964,35.335532054194985,6.6583811767041405,234.7388507096739,1830.4941100431279,744.7574393985401,1.0,0.9377083333333333,0.0,39.012947487425976
2024-06-15 14:50:00+00:00,731.15386467724,37.69172973084959,60.11358589867553,35.30034760707743,6.541042299963121,230.9010669012954,18.576685915586335,1844.4611303139202,726.6783802930336,60.22742140326436,35.2607425388972,6.592453182054875,232.32593294193578,1849.854604454956,731.15386467724,1.0,0.9376388888888888,0.0,40.10661759133027
2024-06-15 14:55:00+00:00,717.1795626714406,38.056562698108635,59.484116240983774,35.34484846743762,6.423567412211872,227.04001680499903,18.621968334441842,1863.3811317143368,729.6660753363723,59.21652867080378,35.45111880977074,6.451552651188587,231.11629071157142,1869.114295347587,717.1795626714406,1.0,0.9375694444444445,0.0,41.20559644256531
2024-06-15 15:00:00+00:00,702.8420226401865,39.03340835201937,60.22072321704837,35.2264047077648,6.297330894720059,221.83232667611938,18.56599345567759,1881.8671589373466,724.5359445110556,60.24136143060987,35.16154815022324,6.313181415456944,221.1634714938211,1887.5445846387386,702.8420226401865,1.0,0.9375,0.0,42.30942460430774
2024-06-15 15:05:00+00:00,688.1489728948221,37.899781336451284,59.14495951849989,35.32063257289692,6.175186145751198,218.11148092332155,18.644345364877168,1900.0431156809568,710.6075654549412,59.55850339124578,35.30555358621656,6.130564262102957,223.42098066144493,1906.162999693859,688.1489728948221,1.0,0.9374305555555555,0.0,43.41768599090336
2024-06-15 15:10:00+00:00,673.108390786006,37.21880837515208,57.666518474102034,35.46059782807729,6.051285750334096,214.5822103353723,18.75252653761255,1917.9249665422378,677.4466546456333,57.74506257350923,35.55961785273552,6.043826292286358,210.7092832840978,1923.7221066342006,673.108390786006,1.0,0.9373611111111111,0.0,44.53000247742332
2024-06-15 15:15:00+00:00,657.7285146477547,38.68172974602073,58.83751538785064,35.286472716019134,5.91426204360441,208.69344623703458,18.664365006800985,1935.3160870619906,673.5708650822093,59.11711945557182,35.37239981733119,5.948449805038933,209.13477422539748,1941.1500044863171,657.7285146477547,1.0,0.9372916666666666,0.0,45.64602912389597
2024-06-15 15:20:00+00:00,642.0178366039339,37.946297404748876,57.58044575813184,35.39675050021435,5.783300418275715,204.7100419734908,18.756125590853152,1952.3752572264482,652.3871343397665,58.18949997461358,35.45504748022222,5.763982928059668,203.24063529577552,1958.0867240942985,642.0178366039339,1.0,0.9372222222222222,0.0,46.765451435815834
2024-06-15 15:25:00+00:00,625.9851275844302,38.99181894625838,58.00752277091798,35.306972216981215,5.643260126244227,199.24642849050284,18.723093616819792,1968.9791262673234,627.1675871973528,57.10021862368158,35.36949509113749,5.588926808908824,200.2943505577723,1974.7779199741128,625.9851275844302,1.0,0.9371527777777777,0.0,47.887980846547784
2024-06-15 15:30:00+00:00,609.6394308944399,37.5742706973122,55.9707101335196,35.50480459610923,5.508922273839493,195.59320886782496,18.872602872320005,1985.2785603396421,586.8107218691814,56.012098863678844,35.692406751346134,5.459805212366343,192.90004650104459,1990.8529238492,609.6394308944399,1.0,0.9370833333333333,0.0,49.013353005390286
2024-06-15 15:35:00+00:00,592.9900920032545,36.098022801235075,54.213777797307785,35.667304167013825,5.370450005424124,191.54947385720328,19.001356449620765,2001.241016494409,593.1783265591409,54.27852151355275,35.819934170164146,5.441119952320158,189.8815906793502,2006.6763897391456,592.9900920032545,1.0,0.9370138888888888,0.0,50.14132400580209
2024-06-15 15:40:00+00:00,576.0467563395191,35.88230309704753,53.117801349473915,35.74981542458495,5.2268131167355465,186.8576041820954,19.081131270078654,2016.8124835095837,537.3844410056913,52.85337812017796,35.50855304016236,5.306592246512739,186.91766141988685,2022.2528615241363,576.0467563395191,1.0,0.9369444444444444,0.0,51.271669329934475
2024-06-15 15:45:00+00:00,558.8194055938765,38.82590986449276,56.074500845837,35.35576109622609,5.067788317207268,179.1755130294258,18.860719500879753,2031.743776262036,545.3855465205023,56.3385061527715,35.20090536556266,5.0318173781148,176.41653969072777,2036.954239831697,558.8194055938765,1.0,0.9368749999999999,0.0,52.4041806381357
2024-06-15 15:50:00+00:00,541.3183643275025,38.81975238620907,55.23436650585296,35.40387033607172,4.9182150653866845,174.12384845986466,18.92154413400181,2046.2540969670247,561.5889841608797,54.82658410146831,35.693479374966024,4.917105441504,180.41949102634862,2051.989197417226,541.3183643275025,1.0,0.9368055555555556,0.0,53.53866505724276
2024-06-15 15:55:00+00:00,523.5543336963991,36.83429483237746,52.04594932874097,35.72314418598278,4.772785136576686,170.49889160264448,19.156266922770428,2060.462337933912,526.0902878032626,51.851771716124595,36.03337685024923,4.834847377291013,172.83607342308613,2066.3922035358164,523.5543336963991,1.0,0.9367361111111111,0.0,54.67494315358154
2024-06-15 16:00:00+00:00,505.5384315913096,36.54501590913952,51.78732196071162,35.6974833367805,4.616131688132321,164.78428401748798,19.173998595888204,2074.1943616020358,504.7478165125872,51.61381206840757,35.80698597427115,4.630743518612015,166.44065319159725,2080.2622579684494,505.5384315913096,1.0,0.9366666666666666,0.0,55.812847074368655
2024-06-15 16:05:00+00:00,487.28221580678127,38.30073925762578,52.670004874936154,35.53623003038597,4.454055056724537,158.280325063767,19.107217654715413,2087.384388690683,474.0485952817464,53.61254995963365,35.47980507465594,4.457355349955384,159.0702404927626,2093.518111342846,487.28221580678127,1.0,0.9365972222222222,0.0,56.95222036594335
2024-06-15 16:10:00+00:00,468.7977519080251,35.640085884459594,49.76713558704208,35.81166606965197,4.299653759352926,153.9777646450707,19.320731659852587,2100.2158690777724,455.83616152721254,49.20228346405079,35.97469412729219,4.330509189737315,154.9953129445993,2106.434387421563,468.7977519080251,1.0,0.9365277777777777,0.0,58.092915635806264
2024-06-15 16:15:00+00:00,450.097653041778,35.75702987946453,49.17738726318765,35.814677230013196,4.136817894776154,148.15879766075065,19.362961199444236,2112.5624355495015,439.6789187738514,49.11058964937702,35.950182070045265,4.081379104624843,147.86537087096508,2118.75650166081,450.097653041778,1.0,0.9364583333333333,0.0,59.234794773411934
2024-06-15 16:20:00+00:00,431.1951724944348,37.19654314900098,50.185588088050245,35.629146473923555,3.9680721515789896,141.3790239077048,19.286888401211854,2124.3440208751435,410.18129149075753,50.69196721260049,35.31912195684178,3.9338260788420776,141.88195104900703,2130.5799975815607,431.1951724944348,1.0,0.9363888888888888,0.0,60.37772682601614
2024-06-15 16:25:00+00:00,412.1042732809675,36.05695171128027,48.47781214660156,35.75366298458389,3.803671329124877,135.99518280565513,19.411874989640467,2135.6769527756146,377.8863614346377,48.78582377113968,35.766872635159636,3.8419228009111066,135.51883582033423,2141.873233899922,412.1042732809675,1.0,0.9363194444444444,0.0,61.52158841196278
2024-06-15 16:30:00+00:00,392.8397592443256,36.341704855609805,48.31281793117634,35.695554138299414,3.6337803098081847,129.70980177544448,19.422647937696595,2146.4861029235685,408.1346585735304,47.677667051646374,35.41520789661702,3.6438447611750475,127.59291074276555,2152.505976461819,392.8397592443256,1.0,0.9362499999999999,0.0,62.666261760700316
2024-06-15 16:35:00+00:00,373.4173951242547,36.07563296621854,47.13735122411211,35.74888886819637,3.464162732672397,123.83996855165296,19.508207511399373,2156.806100302873,398.04575049252577,47.17778505252632,35.65679879558161,3.4872767911087195,123.4620971445646,2162.794484557199,373.4173951242547,1.0,0.9361805555555555,0.0,63.811635120733165
2024-06-15 16:40:00+00:00,353.85408666311616,36.46593009375076,47.236754599269574,35.65047663996424,3.290251752264628,117.29904323371153,19.499403792951313,2166.5810205723487,344.1119793055803,46.309621733005095,35.65679035366349,3.294825490300949,120.21983642079336,2172.812804258932,353.85408666311616,1.0,0.9361111111111111,0.0,64.95760169444233
2024-06-15 16:45:00+00:00,334.1681058335587,37.42220032114554,47.19855731936589,35.562321647532976,3.115127904848963,110.78118052544433,19.500783938232054,2175.812785616136,345.4914218270891,47.59355913047889,35.9063949632912,3.050588997451508,111.44151974529473,2182.09959757104,334.1681058335587,1.0,0.9360416666666667,0.0,66.10405862390047
2024-06-15 16:50:00+00:00,314.3793479960677,35.98880360138274,45.04183647514838,35.70948515481703,2.942247268697939,105.06613516337,19.658927761502476,2184.56829687975,295.7097089519383,45.35021974837952,35.28618610617455,2.9634396505390206,108.3539324393647,2191.1290919409867,314.3793479960677,1.0,0.9359722222222222,0.0,67.2509075605714
2024-06-15 16:55:00+00:00,294.5097050848584,36.42285048975491,45.03464592184743,35.6040686179126,2.764319645616914,98.42102634438845,19.658001206571637,2192.770049075116,299.5702694562162,44.74371650917557,35.53278724970518,2.829258317425081,100.46451610413808,2199.501134949665,294.5097050848584,1.0,0.9359027777777778,0.0,68.39805296976515
2024-06-15 17:00:00+00:00,274.58349807172857,33.60668214846136,41.7589786465918,35.861163667808015,2.5901681135304067,92.88644264645144,19.898895706909574,2200.51058596232,253.60542168368607,41.213986505552356,35.99766132448966,2.615997920167256,97.47545468366512,2207.624089506637,274.58349807172857,1.0,0.9358333333333333,0.0,69.54540293118133
2024-06-15 17:05:00+00:00,254.6280879051466,35.48338604432804,42.827022396536705,35.616599764195875,2.408637640166212,85.78748280677722,19.81840479407583,2207.659542862885,268.0749509238992,42.85892788675626,35.75007336117253,2.4453000360276347,86.25454388340887,2214.811968163588,254.6280879051466,1.0,0.9357638888888888,0.0,70.6928675096211
2024-06-15 17:10:00+00:00,234.67462782625793,34.56149139063241,41.472241774089575,35.635350300400724,2.229776345349909,79.45886115809131,19.917153804197188,2214.281114626059,235.26539549819267,41.09307547335043,35.80554899843736,2.182880032948595,79.81452045246284,2221.4631782012934,234.67462782625793,1.0,0.9356944444444444,0.0,71.84035961468021
2024-06-15 17:15:00+00:00,214.7591099017313,34.05595346037693,40.03328886343974,35.65074379264852,2.05041539425773,73.09883388918473,20.022114112941274,2220.3726841168245,195.41957230930777,39.51584169543782,35.45201102847918,2.037948405555726,72.284244008357,2227.48686520199,214.7591099017313,1.0,0.9356249999999999,0.0,72.98779342225309
2024-06-15 17:20:00+00:00,194.9237188765355,34.264148510563565,40.313366246509084,35.45956501829527,1.8689956885285701,66.27377413629237,19.999912399599378,2225.8954986281824,202.93936038649844,40.35857960242663,35.433720212965774,1.8463043747628058,68.74876230710004,2233.2159287275817,194.9237188765355,1.0,0.9355555555555555,0.0,74.13508512493655
2024-06-15 17:25:00+00:00,175.2186975942535,34.67326433677166,39.73275047862174,35.348328314102474,1.6888375613030866,59.69758458612967,20.04136927695482,2230.870297343693,199.76666480052128,40.255235090089954,35.25581585973867,1.6635857033637629,58.85849258359622,2238.120803109548,175.2186975942535,1.0,0.935486111111111,0.0,75.28215216164334
2024-06-15 17:30:00+00:00,155.70489519419482,35.785993974425786,40.64947494802538,35.05234105539131,1.5081953930113559,52.86577929400398,19.97208706443191,2235.2757789515267,155.57165795541283,40.39941980059443,35.31439480323985,1.4772479987681804,54.1922906606553,2242.636827331269,155.70489519419482,1.0,0.9354166666666667,0.0,76.42891246050225
2024-06-15 17:35:00+00:00,136.4572584922759,33.40408446916909,37.54213900460952,35.176133908448485,1.3321621220291133,46.86031319225898,20.200383928022276,2239.1808050508816,135.6221722950606,37.069371013234075,35.14857555025117,1.3618199182346178,43.447635463728886,2246.2574636199133,136.4572584922759,1.0,0.9353472222222222,0.0,77.57528523709352
2024-06-15 17:40:00+00:00,117.56974517395285,34.619242983402785,37.452331962635334,34.93883458030083,1.1558626111288652,40.384492567786005,20.205524668149486,2242.5461794315306,117.50973502092958,37.00622363625573,34.942446996816265,1.1835391740659302,39.47123255254142,2249.5467329992916,117.56974517395285,1.0,0.9352777777777778,0.0,78.72118949189978
2024-06-15 17:45:00+00:00,99.16216218396482,33.96039243082324,36.33541375357922,34.77737595114771,0.9833485474809083,34.19828212675857,20.286605396755956,2245.3960362754274,100.81806264981378,36.94613783794028,34.81558526612974,1.0256543260793303,37.113426760258676,2252.6395185626466,99.16216218396482,1.0,0.9352083333333333,0.0,79.8665449787469
2024-06-15 17:50:00+00:00,81.38979955537228,33.97072377241263,36.19402506683922,34.464768197378675,0.8147875913333644,28.08146546540491,20.295552007176155,2247.7361583975444,99.91615297295864,35.67897379977244,34.20287837052752,0.9049595144212959,29.152142509321763,2255.0688637717567,81.38979955537228,1.0,0.9351388888888889,0.0,81.01127072019955
2024-06-15 17:55:00+00:00,64.45671513016217,35.15294389058878,37.04284210241657,33.988774192433326,0.6522367788463242,22.16872859620779,20.231295621675862,2249.583552447228,83.60062039452478,36.50106636286098,34.09229386796864,0.6610254153459351,24.911413286979737,2257.144814879005,64.45671513016217,1.0,0.9350694444444444,0.0,82.15528598621849
2024-06-15 18:00:00+00:00,48.63344513374387,34.538115437003924,36.05791059743342,33.628263764417554,0.49915009024308254,16.785550892727205,20.30259924863772,2250.9823483549553,16.7622369102674,36.36643019724613,33.40718673109516,0.5226135920824527,15.772102441025325,2258.4591567490907,48.63344513374387,1.0,0.9349999999999999,0.0,83.29850881920044
2024-06-15 18:05:00+00:00,34.278075102032076,35.185308258797846,35.89237198271951,33.07192203282197,0.3579208288484365,11.83712974559851,20.313327036844335,2251.968775833755,52.17618253242731,35.96862432032885,33.108553271039774,0.36700848624246146,11.410950526718784,2259.4100692929837,34.278075102032076,1.0,0.9349305555555555,0.0,84.44085686304511
2024-06-15 18:10:00+00:00,21.85352134904762,33.539483226630374,33.11730201572627,32.62081948681197,0.23366177169907312,7.622238475564133,20.51692091125494,2252.6039623733855,18.570024038453695,33.676794351535854,32.4757241119568,0.15304767875331787,4.253687822848199,2259.764543278221,21.85352134904762,1.0,0.934861111111111,0.0,85.58224665752611
2024-06-15 18:15:00+00:00,11.915242841256761,32.84236691008131,32.60599718100467,31.703465717710106,0.13131797918846688,4.163235051320529,20.55318408127488,2252.9508986276624,36.692624677385616,32.74807685742009,31.94312266933479,0.07841745088041317,4.165233582746032,2260.111646076783,11.915242841256761,1.0,0.9347916666666666,0.0,86.7225929334072
2024-06-15 18:20:00+00:00,4.999468852265549,33.15708727704509,32.95321375019077,30.369679747792077,0.05744296794625526,1.7445245402904577,20.52599858859374,2253.0962756726867,11.678613069761688,32.56846881863777,30.377259683140764,0.08097825197512078,3.42646650800942,2260.3971849524505,4.999468852265549,1.0,0.9347222222222222,0.0,87.86180943480046
2024-06-15 18:25:00+00:00,1.2882936730874621,33.464470310141124,32.88845943505003,28.741181398449182,0.015643446549605432,0.44961113497915367,20.52925848725147,2253.1337432672685,15.502412816774306,33.481555682425196,29.127370481771163,0.0,0.012674803497443654,2260.398241186075,1.2882936730874621,1.0,0.9346527777777778,0.0,88.99980744273589
2024-06-15 18:30:00+00:00,0.09246719639608415,33.238040817374426,33.13117000551041,27.466845992995836,0.0011737868623604886,0.032240222977057344,1.8964837045327851,2253.1364299525167,0.0,32.45316482098435,27.020045671192637,0.0,0.24306834584081105,2260.418496881562,0.09246719639608415,1.0,0.9345833333333333,0.0,90.13649673880637
2024-06-15 18:35:00+00:00,0.0,31.815116234036253,31.389447074710663,27.463286445724304,0.0,0.0,0.0,2253.1364299525167,0.0,31.677608232608232,27.737754152365223,0.0,0.0,2260.418496881562,0.0,1.0,0.9345138888888889,0.0,91.27178411862505
2024-06-15 18:40:00+00:00,0.0,32.82665092823322,32.30178155997929,27.386650348961737,0.0,0.0,0.0,2253.1364299525167,3.368164496168532,32.12503787794919,27.558648622252626,0.014473290724234037,0.0,2260.418496881562,0.0,1.0,0.9344444444444444,0.0,92.4055743372678
2024-06-15 18:45:00+00:00,0.0,32.7997440525642,32.321269215519465,27.385013385896364,0.0,0.0,0.0,2253.1364299525167,14.237815453728873,32.88358365244705,27.44351999199216,0.0,0.032974635648358695,2260.421244767866,0.0,1.0,0.934375,0.0,93.5377686070315
2024-06-15 18:50:00+00:00,0.0,34.923120433568116,34.225418903145595,27.22506481213577,0.0,0.0,0.0,2253.1364299525167,10.811819809783756,34.105536261167465,27.666507249379695,0.009420525124777706,1.5795174590114822,2260.552871222784,0.0,1.0,0.9343055555555555,0.0,94.66826536672303
2024-06-15 18:55:00+00:00,0.0,34.1154767235296,33.52931541697059,27.28353750497447,0.0,0.0,0.0,2253.1364299525167,11.51243643099437,33.72478893304799,26.99792513536086,0.009693873855163604,0.0,2260.552871222784,0.0,1.0,0.934236111111111,0.0,95.7969595154771
2024-06-15 19:00:00+00:00,0.0,31.217309010261346,30.550227505734348,27.533780889518315,0.0,0.0,0.0,2253.1364299525167,3.150017191640168,30.41551079720938,27.576297453227404,0.0,1.433707717231922,2260.6723468658865,0.0,1.0,0.9341666666666666,0.0,96.92374163583796
2024-06-15 19:05:00+00:00,0.0,31.614103777060212,31.2861968476179,27.471959464800094,0.0,0.0,0.0,2253.1364299525167,10.54820019311872,31.381124766047467,27.721402565340107,0.055185040526987486,2.343374172523162,2260.8676280469303,0.0,1.0,0.9340972222222221,0.0,98.04849871231993
2024-06-15 19:10:00+00:00,0.0,30.268074909667817,29.54362105756518,27.618335831164526,0.0,0.0,0.0,2253.1364299525167,0.0,29.776936506979506,27.739775338784895,0.0,0.0,2260.8676280469303,0.0,1.0,0.9340277777777777,0.0,99.17111256344342
2024-06-15 19:15:00+00:00,0.0,30.970015562165536,30.062781325259536,27.5747263686782,0.0,0.0,0.0,2253.1364299525167,0.0,29.838411797583188,27.499020061299912,0.0,0.0,2260.8676280469303,0.0,1.0,0.9339583333333333,0.0,100.29146066891572
2024-06-15 19:20:00+00:00,0.0,31.704790424925786,31.44732780483864,27.458424464393556,0.0,0.0,0.0,2253.1364299525167,0.0,31.32518453578606,27.588014738883704,0.0,0.0,2260.8676280469303,0.0,1.0,0.9338888888888889,0.0,101.40941456308467
2024-06-15 19:25:00+00:00,0.0,32.42284071040756,32.144764624336204,27.399839771555758,0.0,0.0,0.0,2253.1364299525167,0.0,32.87096825524351,27.31679544193482,0.051706773000018795,0.5028575118105546,2260.909532839581,0.0,1.0,0.9338194444444444,0.0,102.52484060979789
2024-06-15 19:30:00+00:00,0.0,30.315125700016807,29.48117961593675,27.62358091226131,0.0,0.0,0.0,2253.1364299525167,0.0,29.45027851593139,27.555431493477535,0.005501255532179249,0.0,2260.909532839581,0.0,1.0,0.93375,0.0,103.63759834872533
2024-06-15 19:35:00+00:00,0.0,30.21678855874792,29.764624555421683,27.59977153734458,0.0,0.0,0.0,2253.1364299525167,0.5344777974712772,30.955431865295434,27.467367547448045,0.048206253429836005,0.18221096816458482,2260.924717086928,0.0,1.0,0.9336805555555555,0.0,104.74754105965883
2024-06-15 19:40:00+00:00,0.0,28.54995691224261,27.69900156422597,27.773283868605017,0.0,0.0,0.0,2253.1364299525167,15.397109100935506,27.690407653145467,27.984135834090583,0.010307249275055805,0.0,2260.924717086928,0.0,1.0,0.9336111111111111,0.0,105.85451479363155
2024-06-15 19:45:00+00:00,0.0,30.360559113296237,29.97119304126928,27.58241978453338,0.0,0.0,0.0,2253.1364299525167,0.6819081003477597,29.209892570804925,27.6448482740046,0.0,0.0,2260.924717086928,0.0,1.0,0.9335416666666666,0.0,106.95835737959865
2024-06-15 19:50:00+00:00,0.0,29.286540687063127,28.42277929299545,27.71248653938838,0.0,0.0,0.0,2253.1364299525167,0.0,27.487214854074416,28.215773922462674,0.0,0.7731538053946383,2260.989146570711,0.0,1.0,0.9334722222222221,0.0,108.05889887017358
2024-06-15 19:55:00+00:00,0.0,29.64507965291041,29.112208198709048,27.65457451130844,0.0,0.0,0.0,2253.1364299525167,20.32141852818857,29.796863125891402,27.823963861479516,0.0,0.0,2260.989146570711,0.0,1.0,0.9334027777777777,0.0,109.15595972510968
2024-06-15 20:00:00+00:00,0.0,29.12313922183241,28.558582016001736,27.70107911065585,0.0,0.0,0.0,2253.1364299525167,2.02984920643939,28.33198858112061,27.404396368958373,0.0019911943758757155,2.0576708669491452,2261.160619142957,0.0,1.0,0.9333333333333332,0.0,110.24935131375493
2024-06-15 20:05:00+00:00,0.0,29.73121836547096,28.840038860053482,27.677436735755506,0.0,0.0,0.0,2253.1364299525167,11.39984418201885,28.292030509668923,27.837949385335676,0.012993905715809329,0.0,2261.160619142957,0.0,1.0,0.9332638888888889,0.0,111.33887401054915
2024-06-15 20:10:00+00:00,0.0,27.893316509720677,27.48375912908172,27.791364233157136,0.0,0.0,0.0,2253.1364299525167,0.0,28.30915341796245,27.57360349631792,0.0,0.0,2261.160619142957,0.0,1.0,0.9331944444444444,0.0,112.42431758710039
2024-06-15 20:15:00+00:00,0.0,28.009729720767865,27.745010244749103,27.769419139441073,0.0,0.0,0.0,2253.1364299525167,12.158880384122297,27.615384943529843,27.714184986104144,0.07053697150551418,0.0,2261.160619142957,0.0,1.0,0.933125,0.0,113.5054592047487
2024-06-15 20:20:00+00:00,0.0,31.432001170047034,31.044142222054123,27.492292053347455,0.0,0.0,0.0,2253.1364299525167,22.7689105643185,30.791299167866736,27.520519068009595,0.015225863052970336,0.8668864828767754,2261.2328596831967,0.0,1.0,0.9330555555555555,0.0,114.58206353405153
2024-06-15 20:25:00+00:00,0.0,27.841642419910258,27.228558932249474,27.812801049691043,0.0,0.0,0.0,2253.1364299525167,0.0,27.59164642202145,27.59472483567066,0.0,0.0,2261.2328596831967,0.0,1.0,0.9329861111111111,0.0,115.6538813474076
2024-06-15 20:30:00+00:00,0.0,27.859004883784948,27.750444651830076,27.768962649246273,0.0,0.0,0.0,2253.1364299525167,18.19976330788653,27.727412247756934,27.66788090766829,0.07451286897759789,2.3043499756976966,2261.4248888478382,0.0,1.0,0.9329166666666666,0.0,116.72064805059522
2024-06-15 20:35:00+00:00,0.0,30.619926438801983,29.960558713139203,27.583313068096306,0.0,0.0,0.0,2253.1364299525167,0.0,30.121802903426083,27.448544722601724,0.0,0.0,2261.4248888478382,0.0,1.0,0.9328472222222222,0.0,117.78208356992785
2024-06-15 20:40:00+00:00,0.0,31.515881747904963,31.1505745773094,27.48335173550601,0.0,0.0,0.0,2253.1364299525167,0.0,31.19747474828802,27.511534511580845,0.019893729770287916,0.0,2261.4248888478382,0.0,1.0,0.9327777777777777,0.0,118.83789000787228
2024-06-15 20:45:00+00:00,0.0,27.267710795045634,26.480757629862243,27.87561635909157,0.0,0.0,0.0,2253.1364299525167,0.0,26.077810288183965,27.86091301596643,0.0,0.6932280469823362,2261.4826578517536,0.0,1.0,0.9327083333333333,0.0,119.88775149337383
2024-06-15 20:50:00+00:00,0.0,27.900234131707155,27.900234131707155,27.756380332936597,0.0,0.0,0.0,2253.1364299525167,31.083747066692755,27.363075583002193,27.735544726960068,0.07883078713498103,0.0,2261.4826578517536,0.0,1.0,0.9326388888888888,0.0,120.93133166712764
2024-06-15 20:55:00+00:00,0.0,28.440068412331122,28.136709856107164,27.736516372086996,0.0,0.0,0.0,2253.1364299525167,0.0,28.531068440778466,28.077780636954376,0.041925979622124875,0.7325483329004625,2261.543703546162,0.0,1.0,0.9325694444444445,0.0,121.96827332635922
2024-06-15 21:00:00+00:00,0.0,29.658145283585426,29.57976232139395,27.615299965002908,0.0,0.0,0.0,2253.1364299525167,0.0,29.7528985387677,27.723790388180486,0.0,1.657886866754727,2261.6818607850582,0.0,1.0,0.9325,0.0,122.99819571927898
2024-06-15 21:05:00+00:00,0.0,26.77451080932383,26.481068175914817,27.875590273223153,0.0,0.0,0.0,2253.1364299525167,0.3534460633662719,26.36246835770684,27.962187491295705,0.05044100222492595,0.4679219935532476,2261.720854284521,0.0,1.0,0.9324305555555555,0.0,124.02069382508193
2024-06-15 21:10:00+00:00,0.0,27.3490757580237,26.787159282746465,27.849878620249292,0.0,0.0,0.0,2253.1364299525167,9.521201983009524,25.37209368466933,28.069338431205612,0.0,0.0,2261.720854284521,0.0,1.0,0.9323611111111111,0.0,125.03533612264857
2024-06-15 21:15:00+00:00,0.0,28.20582185363645,27.75062850999889,27.768947205160092,0.0,0.0,0.0,2253.1364299525167,0.0,27.37493864809456,28.141403437480676,0.04191796214163513,0.0,2261.720854284521,0.0,1.0,0.9322916666666666,0.0,126.04166225974342
2024-06-15 21:20:00+00:00,0.0,27.698604927861272,27.261949320098275,27.80999625711174,0.0,0.0,0.0,2253.1364299525167,6.183481699700623,27.172859544253033,28.089645311276787,0.0,0.0,2261.720854284521,0.0,1.0,0.9322222222222222,0.0,127.03918195597652
2024-06-15 21:25:00+00:00,0.0,26.724339622500285,26.2641358403453,27.89381258941099,0.0,0.0,0.0,2253.1364299525167,0.0,26.864151625331793,27.682803389910006,0.0,1.9077492385209458,2261.879833387731,0.0,1.0,0.9321527777777777,0.0,128.02737175635644
2024-06-15 21:30:00+00:00,0.0,26.80470957656324,26.253862516408255,27.89467554862171,0.0,0.0,0.0,2253.1364299525167,11.349239334026214,26.471977756229624,28.00030145505817,0.04925313863769495,0.0,2261.879833387731,0.0,1.0,0.9320833333333333,0.0,129.0056738155129
2024-06-15 21:35:00+00:00,0.0,25.403130672760124,25.1552646832459,27.98695776660734,0.0,0.0,0.0,2253.1364299525167,15.588107363093787,26.031218728576142,28.141725210425015,0.03896505765124633,0.0,2261.879833387731,0.0,1.0,0.9320138888888888,0.0,129.97349243781673
2024-06-15 21:40:00+00:00,0.0,26.38088016209974,25.704167751874976,27.9408499088425,0.0,0.0,0.0,2253.1364299525167,0.0,24.63078095795904,28.133588588066775,0.009860169440675512,1.7401181374118904,2262.0248432325157,0.0,1.0,0.9319444444444444,0.0,130.93019262063046
2024-06-15 21:45:00+00:00,0.0,26.195302988239032,25.52963649564266,27.955510534366013,0.0,0.0,0.0,2253.1364299525167,0.0,25.133623527932826,27.927290309038685,0.014519648728283414,1.186110974956798,2262.123685813762,0.0,1.0,0.931875,0.0,131.8750964172523
2024-06-15 21:50:00+00:00,0.0,26.538180983745985,25.94192149933196,27.920878594056113,0.0,0.0,0.0,2253.1364299525167,5.7092574336763215,26.02087977235076,27.935276927801155,0.020383683260474947,2.1095447403717857,2262.299481208793,0.0,1.0,0.9318055555555556,0.0,132.80748116320882
2024-06-15 21:55:00+00:00,0.0,25.596762629825882,24.957629269138067,28.0035591413924,0.0,0.0,0.0,2253.1364299525167,4.7530382548798675,24.250432728662794,27.82632956069146,0.0,0.0,2262.299481208793,0.0,1.0,0.9317361111111111,0.0,133.72657636222488
2024-06-15 22:00:00+00:00,0.0,26.471538522545142,25.897434022342978,27.924615542123185,0.0,0.0,0.0,2253.1364299525167,7.711768730281904,25.883859266147955,27.850906047608163,0.028231681565326013,2.234209524603142,2262.4856653358434,0.0,1.0,0.9316666666666666,0.0,134.63156058375256
2024-06-15 22:05:00+00:00,0.0,26.86252975253566,25.853761426852895,27.92828404014436,0.0,0.0,0.0,2253.1364299525167,0.0,26.035614632673152,27.695002145388447,0.0,0.0,2262.4856653358434,0.0,1.0,0.9315972222222222,0.0,135.5215596115221
2024-06-15 22:10:00+00:00,0.0,25.857032460893873,25.378806003657,27.968180295692814,0.0,0.0,0.0,2253.1364299525167,0.0,25.604191714815805,28.222981586312326,0.0,0.0,2262.4856653358434,0.0,1.0,0.9315277777777777,0.0,136.39564284868976
2024-06-15 22:15:00+00:00,0.0,25.907194544242387,25.483965348826032,27.959346910698613,0.0,0.0,0.0,2253.1364299525167,0.0,25.923831410965686,27.855452722484063,0.023381965732374915,1.5357324997664912,2262.613643044157,0.0,1.0,0.9314583333333333,0.0,137.25282180369047
2024-06-15 22:20:00+00:00,0.0,25.4645438567695,25.15292575185884,27.987154236843853,0.0,0.0,0.0,2253.1364299525167,20.22412108496067,24.273413683161294,27.800617632223197,0.01960997417595231,0.6661934579094586,2262.6691591656495,0.0,1.0,0.9313888888888888,0.0,138.0920469271042
2024-06-15 22:25:00+00:00,0.0,25.269607206182755,25.027672873827214,27.997675478598513,0.0,0.0,0.0,2253.1364299525167,0.0,24.389746790390653,28.056743005283867,0.0,0.0,2262.6691591656495,0.0,1.0,0.9313194444444444,0.0,138.91220665226436
2024-06-15 22:30:00+00:00,0.0,24.408350534387388,24.219468481287656,28.065564647571836,0.0,0.0,0.0,2253.1364299525167,0.0,24.091047293155913,28.086920905046945,0.0,0.0,2262.6691591656495,0.0,1.0,0.9312499999999999,0.0,139.71212508940303
2024-06-15 22:35:00+00:00,0.0,25.30910648420084,25.03130581250857,27.997370311749275,0.0,0.0,0.0,2253.1364299525167,0.0,25.095872933335244,27.860118931581805,0.06613516412654684,1.2782331131169486,2262.7756785917427,0.0,1.0,0.9311805555555555,0.0,140.4905620141762
2024-06-15 22:40:00+00:00,0.0,24.760412524094193,24.27808261950721,28.060641059961394,0.0,0.0,0.0,2253.1364299525167,0.0,23.740497524679466,28.135969537426348,0.0,0.0,2262.7756785917427,0.0,1.0,0.9311111111111111,0.0,141.24621252326216
2024-06-15 22:45:00+00:00,0.0,26.818401788130043,26.234828006005614,27.896274447495525,0.0,0.0,0.0,2253.1364299525167,17.784447391958157,25.867845926618276,27.771036314325258,0.0,1.0909301629218244,2262.8665894386527,0.0,1.0,0.9310416666666667,0.0,141.97770771748753
2024-06-15 22:50:00+00:00,0.0,26.168633241549962,25.655847726911922,27.944908790939397,0.0,0.0,0.0,2253.1364299525167,0.0,25.41512250570206,28.04690253751755,0.0,0.0,2262.8665894386527,0.0,1.0,0.9309722222222222,0.0,142.68361756109644
2024-06-15 22:55:00+00:00,0.0,24.85374210629835,24.545125925655775,28.03820942224491,0.0,0.0,0.0,2253.1364299525167,1.525515553697814,24.888803709946902,28.03280826016799,0.039972738037374,1.0300129107142006,2262.952423847879,0.0,1.0,0.9309027777777777,0.0,143.36245366283822
2024-06-15 23:00:00+00:00,0.0,23.580088540812856,22.855042399807864,28.180176438416133,0.0,0.0,0.0,2253.1364299525167,7.478206205915839,23.020836007744386,28.22365640742257,0.0,0.0,2262.952423847879,0.0,1.0,0.9308333333333333,0.0,144.012675234904
2024-06-15 23:05:00+00:00,0.0,23.10867683153854,22.423823663463303,28.216398812269077,0.0,0.0,0.0,2253.1364299525167,29.853723343314233,22.879968865426363,28.140187104619297,0.0,3.19649787344519,2263.218798670666,0.0,1.0,0.9307638888888888,0.0,144.63269543331603
2024-06-15 23:10:00+00:00,0.0,25.29292425860787,24.832836335463373,28.014041747821075,0.0,0.0,0.0,2253.1364299525167,10.07496407653539,24.990561976366315,27.880152261579795,0.0,0.0,2263.218798670666,0.0,1.0,0.9306944444444444,0.0,145.22089119851415
2024-06-15 23:15:00+00:00,0.0,24.24803076531532,23.9112598014815,28.09145417667556,0.0,0.0,0.0,2253.1364299525167,20.250465304908143,25.24918916188047,28.142467791375346,0.0,0.0,2263.218798670666,0.0,1.0,0.9306249999999999,0.0,145.7756139874291
2024-06-15 23:20:00+00:00,0.0,24.35178785843979,23.71468087823234,28.107966806228482,0.0,0.0,0.0,2253.1364299525167,0.463632352129201,23.548590829516073,27.793733448844684,0.03343131352968312,0.0,2263.218798670666,0.0,1.0,0.9305555555555555,0.0,146.29520410490883
2024-06-15 23:25:00+00:00,0.0,22.01633814828275,21.469344751411224,28.29657504088145,0.0,0.0,0.0,2253.1364299525167,0.0,21.474121747167917,28.573523060705323,0.0,1.0983347104173655,2263.3103265632008,0.0,1.0,0.930486111111111,0.0,146.7780066266007
2024-06-15 23:30:00+00:00,0.0,24.5806117592283,24.442643574082062,28.04681793977711,0.0,0.0,0.0,2253.1364299525167,0.0,24.48991383871704,27.95567976039438,0.0,0.0,2263.3103265632008,0.0,1.0,0.9304166666666667,0.0,147.22238975288622
2024-06-15 23:35:00+00:00,0.0,24.0028635040745,23.519858568070603,28.12433188028207,0.0,0.0,0.0,2253.1364299525167,0.0,24.23769708874847,28.539667393139624,0.0,3.1083788534300094,2263.56935813432,0.0,1.0,0.9303472222222222,0.0,147.62676592734408
2024-06-15 23:40:00+00:00,0.0,22.33635296127359,21.770844008254993,28.271249103306577,0.0,0.0,0.0,2253.1364299525167,1.8291845781705034,23.000204930609506,28.405608507521624,0.0,0.0,2263.56935813432,0.0,1.0,0.9302777777777778,0.0,147.98961384624
2024-06-15 23:45:00+00:00,0.0,22.876718294129688,22.601641990751627,28.20146207277686,0.0,0.0,0.0,2253.1364299525167,0.0,22.736802278630908,28.182866569394537,0.0,3.2894548026829327,2263.8434793678766,0.0,1.0,0.9302083333333333,0.0,148.3095026799101
2024-06-15 23:50:00+00:00,0.0,23.516585637853435,22.969124789644074,28.170593517669896,0.0,0.0,0.0,2253.1364299525167,0.0,23.10915608447351,28.050014601358793,0.011545555823360787,0.0,2263.8434793678766,0.0,1.0,0.9301388888888888,0.0,148.5851161131435
2024-06-15 23:55:00+00:00,0.0,23.21317183297267,23.076877454287118,28.16154229383988,0.0,0.0,0.0,2253.1364299525167,27.140257455297757,23.715679635283067,28.26538440818965,0.0,0.012799513529860418,2263.844545994004,0.0,1.0,0.9300694444444444,0.0,148.8152769511675
